dt,AverageTemperature,AverageTemperatureUncertainty,Country,iso_code,country,year,coal_prod_change_pct,coal_prod_change_twh,gas_prod_change_pct,gas_prod_change_twh,oil_prod_change_pct,oil_prod_change_twh,energy_cons_change_pct,energy_cons_change_twh,biofuel_share_elec,biofuel_elec_per_capita,biofuel_cons_change_pct,biofuel_share_energy,biofuel_cons_change_twh,biofuel_consumption,biofuel_cons_per_capita,carbon_intensity_elec,coal_share_elec,coal_cons_change_pct,coal_share_energy,coal_cons_change_twh,coal_consumption,coal_elec_per_capita,coal_cons_per_capita,coal_production,coal_prod_per_capita,electricity_demand,biofuel_electricity,coal_electricity,fossil_electricity,gas_electricity,hydro_electricity,nuclear_electricity,oil_electricity,other_renewable_exc_biofuel_electricity,other_renewable_electricity,renewables_electricity,solar_electricity,wind_electricity,electricity_generation,greenhouse_gas_emissions,energy_per_gdp,energy_per_capita,fossil_cons_change_pct,fossil_share_energy,fossil_cons_change_twh,fossil_fuel_consumption,fossil_energy_per_capita,fossil_cons_per_capita,fossil_share_elec,gdp,gas_share_elec,gas_cons_change_pct,gas_share_energy,gas_cons_change_twh,gas_consumption,gas_elec_per_capita,gas_energy_per_capita,gas_production,gas_prod_per_capita,hydro_share_elec,hydro_cons_change_pct,hydro_share_energy,hydro_cons_change_twh,hydro_consumption,hydro_elec_per_capita,hydro_energy_per_capita,low_carbon_share_elec,low_carbon_electricity,low_carbon_elec_per_capita,low_carbon_cons_change_pct,low_carbon_share_energy,low_carbon_cons_change_twh,low_carbon_consumption,low_carbon_energy_per_capita,net_elec_imports_share_demand,net_elec_imports,nuclear_share_elec,nuclear_cons_change_pct,nuclear_share_energy,nuclear_cons_change_twh,nuclear_consumption,nuclear_elec_per_capita,nuclear_energy_per_capita,oil_share_elec,oil_cons_change_pct,oil_share_energy,oil_cons_change_twh,oil_consumption,oil_elec_per_capita,oil_energy_per_capita,oil_production,oil_prod_per_capita,other_renewables_elec_per_capita_exc_biofuel,other_renewables_elec_per_capita,other_renewables_cons_change_pct,other_renewables_share_energy,other_renewables_cons_change_twh,other_renewable_consumption,other_renewables_share_elec_exc_biofuel,other_renewables_share_elec,other_renewables_energy_per_capita,per_capita_electricity,population,primary_energy_consumption,renewables_elec_per_capita,renewables_share_elec,renewables_cons_change_pct,renewables_share_energy,renewables_cons_change_twh,renewables_consumption,renewables_energy_per_capita,solar_share_elec,solar_cons_change_pct,solar_share_energy,solar_cons_change_twh,solar_consumption,solar_elec_per_capita,solar_energy_per_capita,wind_share_elec,wind_cons_change_pct,wind_share_energy,wind_cons_change_twh,wind_consumption,wind_elec_per_capita,wind_energy_per_capita
1990,14.9933,0.362417,Afghanistan,AFG,Afghanistan,1990,-17.323,-0.128,,,,,-0.955,-0.306,,,,,,,,,,,,,,,,0.61,49.112,,,,,,,,,,,,,,,,2.43,2557.586,,,,,,,,13065984000.0,,,,,,,,,,,,,,,,,,,,,,,,,,,,,,,,,,,,,,,,,,,,,,,,,,,,,12412311.0,31.746,,,,,,,,,,,,,,,,,,,,,
1990,24.7037,0.185583,Africa,OWID_AFR,Africa,1990,-0.588,-7.224,6.522,44.183,7.171,247.34,3.181,80.343,,,,0.0,,0.0,0.0,,,5.049,33.68,42.189,877.81,,1392.577,1221.226,1937.379,,,,,,,,,,,,,,,,,4134.742,3.614,92.911,84.456,2421.581,3841.647,,,,,7.315,15.295,27.174,398.645,,632.42,721.591,1144.746,,1.739,6.102,2.718,159.041,,252.306,,,,-2.178,7.089,-4.113,184.755,293.099,,,,-23.876,0.9,-7.361,23.469,,37.232,,1.336,43.936,15.093,1145.124,,1816.65,3696.372,5864.002,,,30.956,0.086,0.531,2.244,,,3.561,,630349685.0,2606.334,,,2.056,6.188,3.248,161.285,255.866,,,0.0,0.0,0.0,,0.0,,,0.0,0.0,0.0,,0.0
1990,13.4687,0.338833,Albania,ALB,Albania,1990,-5.563,-0.334,-63.992,-4.913,-36.17,-11.476,-28.374,-13.333,0.0,0.0,,,,,,,0.0,,,,,0.0,,5.667,1724.698,3.51,0.0,0.0,0.45,0.0,2.85,0.0,0.45,0.0,0.0,2.85,0.0,0.0,3.3,,2.599,10242.582,,,,,,136.942,13.636,12947848774.0,0.0,,,,,0.0,,2.765,841.337,86.364,,,,,867.297,,86.364,2.85,867.297,,,,,,5.983,0.21,0.0,,,,,0.0,,13.636,,,,,136.942,,20.252,6162.837,0.0,0.0,,,,,0.0,0.0,,1004.239,3286070.0,33.658,867.297,86.364,,,,,,0.0,,,,,0.0,,0.0,,,,,0.0,
1990,24.0144,0.397917,Algeria,DZA,Algeria,1990,-33.333,-0.039,6.327,30.738,7.104,45.016,6.034,17.922,,,,,,,,,,-21.641,2.433,-2.117,7.664,,297.535,0.079,3.063,,,,,,0.135,0.0,,,0.0,0.135,0.0,0.0,16.104,,2.673,12226.837,6.132,99.881,18.175,314.575,12212.289,,,117843183304.0,,6.797,61.946,12.416,195.099,,7574.047,516.57,20054.05,0.838,-40.265,0.119,-0.253,0.375,5.241,14.558,0.838,0.135,5.241,-40.265,0.119,-0.253,0.375,14.558,,,0.0,,0.0,0.0,0.0,0.0,0.0,,7.577,35.501,7.875,111.812,,4340.707,678.674,26347.208,,0.0,,0.0,0.0,0.0,,0.0,0.0,625.183,25758872.0,314.95,5.241,0.838,-40.265,0.119,-0.253,0.375,14.558,0.0,,0.0,0.0,0.0,0.0,0.0,0.0,,0.0,0.0,0.0,0.0,0.0
1990,27.1562,0.3,American Samoa,ASM,American Samoa,1990,,0.0,,,,,5.18,0.119,,,,,,,,,,,,,,,,0.0,0.0,,,,,,,,,,,,,,,,,50817.749,,,,,,,,,,,,,,,,,,,,,,,,,,,,,,,,,,,,,,,,,,,,,,,,,,,,,,,,,,,,,47351.0,2.406,,,,,,,,,,,,,,,,,,,,,
1990,22.4664,0.466167,Angola,AGO,Angola,1990,,0.0,26.661,1.228,3.259,8.583,6.168,1.356,,,,,,,,,,,,,,,,0.0,0.0,,,,,,,,,,,,,,,,2.032,1969.128,,,,,,,,11482502704.0,,,,,,,,5.835,492.469,,,,,,,,,,,,,,,,,,,,,,,,,,,,,,,,271.909,22949.069,,,,,,,,,,,11848385.0,23.331,,,,,,,,,,,,,,,,,,,,,
1990,15.1551,0.23375,Argentina,ARG,Argentina,1990,-46.304,-1.564,-6.056,-11.184,4.98,14.033,-1.622,-8.402,,,,0.0,,0.0,0.0,,1.294,-17.692,2.406,-2.637,12.266,20.234,376.047,1.813,55.589,,,0.66,25.451,19.847,17.876,7.281,4.944,,0.107,17.983,0.0,0.0,51.005,,1.505,15626.742,-6.036,86.232,-28.236,439.546,13475.311,780.266,49.9,338751144000.0,38.912,-4.473,38.711,-9.239,197.32,608.463,6049.313,173.494,5318.859,35.048,37.879,9.742,13.642,49.656,548.03,1522.307,49.532,25.264,774.519,39.399,13.768,19.834,70.177,2151.443,,,14.275,44.493,3.968,6.228,20.225,223.216,620.045,9.693,-6.642,45.115,-16.361,229.96,151.57,7049.951,295.827,9069.263,,3.273,-10.566,0.058,-0.035,0.297,,0.209,9.092,1563.673,32618648.0,509.723,551.303,35.257,37.437,9.8,13.607,49.952,1531.399,0.0,,0.0,0.0,0.0,0.0,0.0,0.0,,0.0,0.0,0.0,0.0,0.0
1990,28.2433,0.364667,Aruba,ABW,Aruba,1990,,0.0,,,,,5.621,0.122,,,,,,,,,,,,,,,,0.0,0.0,,,,,,,,,,,,,,,,,36877.553,,,,,,,,,,,,,,,,,,,,,,,,,,,,,,,,,,,,,,,,,,,,,,,,,,,,,,,,,,,,,62152.0,2.292,,,,,,,,,,,,,,,,,,,,,
1990,22.3558,0.18575,Australia,AUS,Australia,1990,4.701,59.923,16.397,29.036,16.077,48.766,2.069,20.881,,,,0.0,,0.0,0.0,,79.255,2.394,43.137,10.389,444.347,7273.504,26198.812,1334.601,78688.325,,,123.363,139.402,12.566,14.76,0.0,3.474,,0.76,15.519,0.0,0.0,155.654,,2.219,60733.383,2.028,95.815,19.616,986.967,58191.755,8219.196,89.56,464136588000.0,8.073,0.53,16.286,0.884,167.759,740.864,9891.137,206.111,12152.369,9.482,3.549,3.98,1.405,40.999,870.223,2417.287,9.97,15.519,915.003,3.023,4.185,1.265,43.108,2541.677,,,0.0,,0.0,0.0,0.0,0.0,0.0,2.232,2.276,36.391,8.343,374.86,204.828,22101.806,352.099,20759.834,,44.78,-6.235,0.205,-0.14,2.11,,0.488,124.39,9177.358,16960600.0,1030.075,915.003,9.97,3.023,4.185,1.265,43.108,2541.677,0.0,,0.0,0.0,0.0,0.0,0.0,0.0,,0.0,0.0,0.0,0.0,0.0
1990,7.344,0.274833,Austria,AUT,Austria,1990,18.49,1.296,-10.228,-1.514,-4.218,-0.645,1.486,4.818,2.292,146.298,,0.022,,0.074,9.552,,12.556,10.207,14.478,4.413,47.641,801.403,6167.902,8.306,1075.309,48.84,1.13,6.19,16.66,7.72,31.51,0.0,2.75,0.0,1.13,32.64,0.0,0.0,49.3,,1.582,42600.913,6.511,72.414,14.565,238.275,30848.881,2156.926,33.793,207979124290.0,15.659,10.087,18.822,5.675,61.935,999.488,8018.555,13.292,1720.92,63.915,-10.186,26.6,-9.926,87.525,4079.517,11331.641,66.207,32.64,4225.815,-9.696,27.586,-9.747,90.772,11752.066,-0.942,-0.46,0.0,,0.0,0.0,0.0,0.0,0.0,5.578,3.604,39.113,4.477,128.7,356.035,16662.423,14.636,1894.9,0.0,146.298,3.444,0.964,0.106,3.174,0.0,2.292,410.874,6382.741,7723954.0,329.047,4225.815,66.207,-9.696,27.586,-9.747,90.772,11752.066,0.0,,0.0,0.0,0.0,0.0,0.0,0.0,,0.0,0.0,0.0,0.0,0.0
1990,11.992,0.373583,Azerbaijan,AZE,Azerbaijan,1990,,,-10.811,-11.699,-5.015,-7.676,4.134,10.323,,,,,,,,,,-3.261,0.398,-0.035,1.035,,142.911,,,,,,,,1.658,0.0,,,0.0,1.658,0.0,0.0,23.152,,4.884,35898.695,3.091,98.229,7.657,255.4,35262.839,,,53235602172.0,,1.986,59.218,2.998,153.97,,21258.508,96.518,13326.097,7.161,137.446,1.771,2.666,4.606,228.918,635.885,7.161,1.658,228.918,137.446,1.771,2.666,4.606,635.885,,,0.0,,0.0,0.0,0.0,0.0,0.0,,4.904,38.613,4.694,100.395,,13861.42,145.375,20071.774,,0.0,,0.0,0.0,0.0,,0.0,0.0,3196.572,7242758.0,260.006,228.918,7.161,137.446,1.771,2.666,4.606,635.885,0.0,,0.0,0.0,0.0,0.0,0.0,0.0,,0.0,0.0,0.0,0.0,0.0
1990,25.9923,0.257167,Bahamas,BHS,Bahamas,1990,,0.0,,,,,6.389,0.721,,,,,,,,,,,,,,,,0.0,0.0,,,,,,,,,,,,,,,,,46880.259,,,,,,,,,,,,,,,,,,,,,,,,,,,,,,,,,,,,,,,,,,,,,,,,,,,,,,,,,,,,,256226.0,12.012,,,,,,,,,,,,,,,,,,,,,
1990,26.3446,0.68275,Bahrain,BHR,Bahrain,1990,,0.0,4.73,2.745,-6.528,-2.006,9.449,6.483,,,,,,,,,,,,,,,,0.0,0.0,,,,,,,,,,,,,,,,22.936,151420.772,,,,,,,,3274113992.0,,,,,,,,60.767,122531.643,,,,,,,,,,,,,,,,,,,,,,,,,,,,,,,,28.731,57934.843,,,,,,,,,,,495927.0,75.094,,,,,,,,,,,,,,,,,,,,,
1990,25.2817,0.348583,Bangladesh,BGD,Bangladesh,1990,,0.0,7.632,3.243,46.886,0.186,6.118,4.249,,,,,,,,,,125.2,4.441,1.819,3.273,,31.72,0.0,0.0,,,,,,0.884,0.0,,,0.0,0.884,0.0,0.0,7.732,,0.657,714.322,6.501,96.668,4.349,71.242,690.522,,,112105270906.0,,7.632,62.067,3.243,45.742,,443.357,45.742,443.357,11.433,-3.913,3.332,-0.1,2.456,8.568,23.801,11.433,0.884,8.568,-3.913,3.332,-0.1,2.456,23.801,,,0.0,,0.0,0.0,0.0,0.0,0.0,,-3.113,30.161,-0.714,22.228,,215.445,0.583,5.649,,0.0,,0.0,0.0,0.0,,0.0,0.0,74.943,103171952.0,73.698,8.568,11.433,-3.913,3.332,-0.1,2.456,23.801,0.0,,0.0,0.0,0.0,0.0,0.0,0.0,,0.0,0.0,0.0,0.0,0.0
1990,26.9432,0.269667,Barbados,BRB,Barbados,1990,,0.0,,,,,5.939,0.308,,,,,,,,,,,,,,,,0.0,0.0,,,,,,,,,,,,,,,,1.616,21084.339,,,,,,,,3404428000.0,,,,,,,,,,,,,,,,,,,,,,,,,,,,,,,,,,,,,,,,,,,,,,,,,,,,,260933.0,5.502,,,,,,,,,,,,,,,,,,,,,
1990,7.75742,0.237333,Belarus,BLR,Belarus,1990,,,,,,,-4.117,-19.088,,,,,,,,,,-12.039,5.558,-3.382,24.71,,2434.232,,,,,,,,0.02,0.0,,,0.0,0.02,0.0,0.0,39.526,,3.801,43794.982,-4.117,99.988,-19.088,444.514,43789.545,,,116974867000.0,,6.544,29.09,7.943,129.325,,12739.968,,,0.051,0.0,0.012,0.0,0.056,1.97,5.473,0.051,0.02,1.97,0.0,0.012,0.0,0.056,5.473,,,0.0,,0.0,0.0,0.0,0.0,0.0,,-7.528,65.339,-23.649,290.478,,28615.344,,,,0.0,,0.0,0.0,0.0,,0.0,0.0,3893.752,10151135.0,444.569,1.97,0.051,0.0,0.012,0.0,0.056,5.473,0.0,,0.0,0.0,0.0,0.0,0.0,0.0,,0.0,0.0,0.0,0.0,0.0
1990,10.9353,0.229833,Belgium,BEL,Belgium,1990,-47.915,-5.373,-15.749,-0.023,,0.0,4.504,26.662,0.398,27.982,,0.0,,0.0,0.0,,24.314,9.861,19.985,11.097,123.632,1707.882,12355.096,5.84,583.653,66.57,0.28,17.09,27.01,5.41,0.27,42.72,4.51,0.0,0.28,0.56,0.0,0.01,70.29,,2.264,61823.013,4.692,80.568,22.337,498.421,49809.527,2699.233,38.427,273278725720.0,7.697,2.632,15.469,2.454,95.698,540.646,9563.598,0.124,12.386,0.384,-12.787,0.119,-0.108,0.739,26.982,73.841,61.573,43.28,4325.169,3.732,19.432,4.325,120.214,12013.536,-5.588,-3.72,60.777,3.651,19.183,4.181,118.672,4269.206,11859.47,6.416,3.25,45.114,8.785,279.091,450.705,27890.832,0.0,0.0,0.0,27.982,47.644,0.127,0.253,0.783,0.0,0.398,78.282,7024.403,10006545.0,618.635,55.963,0.797,10.338,0.249,0.144,1.542,154.066,0.0,,0.0,0.0,0.0,0.0,0.0,0.014,0.0,0.003,0.0,0.019,0.999,1.943
1990,25.5503,0.289083,Belize,BLZ,Belize,1990,,0.0,,,,,31.562,0.344,,,,,,,,,,,,,,,,0.0,0.0,,,,,,,,,,,,,,,,,7641.69,,,,,,,,,,,,,,,,,,,,,,,,,,,,,,,,,,,,,,,,,,,,,,,,,,,,,,,,,,,,,187554.0,1.433,,,,,,,,,,,,,,,,,,,,,
1990,27.7938,0.424,Benin,BEN,Benin,1990,,0.0,,0.0,0.0,0.0,14.903,0.332,,,,,,,,,,,,,,,,0.0,0.0,,,,,,,,,,,,,,,,0.293,513.566,,,,,,,,8723574323.0,,,,,,,,0.0,0.0,,,,,,,,,,,,,,,,,,,,,,,,,,,,,,,,2.63,528.352,,,,,,,,,,,4978489.0,2.557,,,,,,,,,,,,,,,,,,,,,
1990,12.2056,0.336,Bhutan,BTN,Bhutan,1990,0.0,0.0,,,,,5.455,0.193,,,,,,,,,,,,,,,,0.01,18.347,,,,,,,,,,,,,,,,,7028.014,,,,,,,,,,,,,,,,,,,,,,,,,,,,,,,,,,,,,,,,,,,,,,,,,,,,,,,,,,,,,530801.0,3.73,,,,,,,,,,,,,,,,,,,,,
1990,21.3261,0.32,Bolivia,BOL,Bolivia,1990,,0.0,2.198,0.675,4.219,0.597,5.737,1.467,,,,,,,,,,,,,,,,0.0,0.0,,,,,,,,,,,,,,,,1.174,3938.626,,,,,,,,23021797800.0,,,,,,,,31.366,4569.096,,,,,,,,,,,,,,,,,,,,,,,,,,,,,,,,14.743,2147.669,,,,,,,,,,,6864839.0,27.038,,,,,,,,,,,,,,,,,,,,,
1990,22.9448,0.433083,Botswana,BWA,Botswana,1990,19.759,0.856,,0.0,,0.0,10.474,0.849,,,,,,,,,,,,,,,,5.187,4030.847,,,,,,,,,,,,,,,,1.344,6956.557,,,,,,,,6660711404.0,,,,,,,,0.0,0.0,,,,,,,,,,,,,,,,,,,,,,,,,,,,,,,,0.0,0.0,,,,,,,,,,,1286756.0,8.951,,,,,,,,,,,,,,,,,,,,,
1990,25.2749,0.21725,Brazil,BRA,Brazil,1990,-49.174,-18.983,-8.955,-3.094,6.078,22.74,-1.649,-24.964,,,,4.574,,68.095,457.0,,2.074,-10.911,7.497,-13.671,111.621,31.01,749.117,19.621,131.68,,,4.621,10.016,0.326,206.708,2.237,5.07,,3.859,210.567,0.0,0.0,222.82,,1.256,9992.155,-2.969,55.723,-25.384,829.647,5567.98,67.22,4.495,1185475140000.0,0.146,-8.955,2.113,-3.094,31.455,2.185,211.104,31.455,211.104,92.769,0.986,38.566,5.606,574.189,1387.272,3853.537,95.505,212.804,1428.184,13.05,44.277,76.097,659.217,4424.182,,,1.004,22.24,0.417,1.131,6.214,15.013,41.703,2.275,-1.24,46.114,-8.62,686.57,34.025,4607.759,396.906,2663.74,,25.899,13.396,0.72,1.266,10.72,,1.732,71.942,1495.405,149003216.0,1488.863,1413.171,94.501,12.969,43.859,74.966,653.004,4382.479,0.0,,0.0,0.0,0.0,0.0,0.0,0.0,,0.0,0.0,0.0,0.0,0.0
1990,26.8217,0.279,British Virgin Islands,VGB,British Virgin Islands,1990,,0.0,,,,,0.0,0.0,,,,,,,,,,,,,,,,0.0,0.0,,,,,,,,,,,,,,,,,11072.853,,,,,,,,,,,,,,,,,,,,,,,,,,,,,,,,,,,,,,,,,,,,,,,,,,,,,,,,,,,,,17489.0,0.194,,,,,,,,,,,,,,,,,,,,,
1990,11.5977,0.294,Bulgaria,BGR,Bulgaria,1990,-7.8,-5.009,-11.75,-0.013,-20.0,-0.629,-7.633,-26.711,0.0,0.0,,,,,,,50.072,-16.071,29.719,-18.393,96.058,2372.91,10864.487,59.207,6696.493,45.69,0.0,20.98,25.61,3.19,1.63,14.66,1.44,0.0,0.0,1.63,0.0,0.0,41.9,,4.073,36557.761,-8.188,85.783,-24.728,277.272,31360.37,2896.578,61.122,79352517816.0,7.613,6.049,19.497,3.594,63.018,360.8,7127.5,0.098,11.044,3.89,-30.212,1.614,-2.258,5.217,184.359,590.023,38.878,16.29,1842.455,-4.137,14.217,-1.983,45.953,5197.42,8.295,3.79,34.988,0.68,12.603,0.275,40.736,1658.096,4607.397,3.437,-7.75,36.568,-9.929,118.196,162.869,13368.383,2.518,284.767,0.0,0.0,,0.0,0.0,0.0,0.0,0.0,0.0,4739.033,8841466.0,323.224,184.359,3.89,-30.212,1.614,-2.258,5.217,590.023,0.0,,0.0,0.0,0.0,0.0,0.0,0.0,,0.0,0.0,0.0,0.0,0.0
1990,28.8063,0.322417,Burkina Faso,BFA,Burkina Faso,1990,,0.0,,,,,2.93,0.058,,,,,,,,,,,,,,,,0.0,0.0,,,,,,,,,,,,,,,,0.19,231.405,,,,,,,,10752296154.0,,,,,,,,,,,,,,,,,,,,,,,,,,,,,,,,,,,,,,,,,,,,,,,,,,,,,8811033.0,2.039,,,,,,,,,,,,,,,,,,,,,
1990,20.4093,0.468917,Burundi,BDI,Burundi,1990,,0.0,,,,,5.293,0.08,,,,,,,,,,,,,,,,0.0,0.0,,,,,,,,,,,,,,,,0.263,292.498,,,,,,,,6041848440.0,,,,,,,,,,,,,,,,,,,,,,,,,,,,,,,,,,,,,,,,,,,,,,,,,,,,,5438959.0,1.591,,,,,,,,,,,,,,,,,,,,,
1990,27.2593,0.276833,Cambodia,KHM,Cambodia,1990,,0.0,,0.0,,0.0,1.185,0.024,,,,,,,,,,,,,,,,0.0,0.0,,,,,,,,,,,,,,,,0.156,227.48,,,,,,,,13119770664.0,,,,,,,,0.0,0.0,,,,,,,,,,,,,,,,,,,,,,,,,,,,,,,,0.0,0.0,,,,,,,,,,,8975597.0,2.042,,,,,,,,,,,,,,,,,,,,,
1990,24.8897,0.482667,Cameroon,CMR,Cameroon,1990,,0.0,,0.0,-5.294,-5.731,0.898,0.203,,,,,,,,,,,,,,,,0.0,0.0,,,,,,,,,,,,,,,,0.993,1933.422,,,,,,,,22937075350.0,,,,,,,,0.0,0.0,,,,,,,,,,,,,,,,,,,,,,,,,,,,,,,,102.529,8703.612,,,,,,,,,,,11780086.0,22.776,,,,,,,,,,,,,,,,,,,,,
1990,-5.02192,0.27125,Canada,CAN,Canada,1990,-2.636,-12.583,3.008,30.209,0.148,1.598,-3.895,-119.536,,,,0.0,,0.0,0.0,,17.108,-5.144,10.7,-17.115,315.603,2985.332,11459.265,464.75,16874.655,,,82.22,108.342,9.654,295.683,72.46,16.468,,3.954,299.639,0.0,0.002,480.593,,3.528,107098.148,-5.725,64.958,-116.355,1916.017,69568.814,3933.798,22.543,835996829200.0,2.009,-3.067,21.616,-20.177,637.604,350.528,23150.848,1034.478,37560.937,61.525,1.802,27.846,14.538,821.343,10735.989,29822.215,77.425,372.099,13510.58,-0.307,35.042,-3.182,1033.61,37529.42,,,15.077,-8.645,6.824,-19.047,201.278,2630.956,7308.216,3.427,-7.589,32.642,-79.063,962.808,597.938,34958.701,1078.774,39169.282,,143.566,13.719,0.372,1.325,10.983,,0.823,398.795,17449.897,27541322.0,2949.625,10879.625,62.348,1.943,28.218,15.865,832.332,30221.204,0.0,,0.0,0.0,0.0,0.0,0.0,0.0,92.0,0.0,0.003,0.005,0.07,0.194
1990,24.7453,0.772917,Cape Verde,CPV,Cape Verde,1990,,0.0,,,,,0.0,0.0,,,,,,,,,,,,,,,,0.0,0.0,,,,,,,,,,,,,,,,0.515,1017.442,,,,,,,,668100000.0,,,,,,,,,,,,,,,,,,,,,,,,,,,,,,,,,,,,,,,,,,,,,,,,,,,,,337953.0,0.344,,,,,,,,,,,,,,,,,,,,,
1990,27.3614,0.395417,Cayman Islands,CYM,Cayman Islands,1990,,0.0,,,,,6.293,0.072,,,,,,,,,,,,,,,,0.0,0.0,,,,,,,,,,,,,,,,,47983.182,,,,,,,,,,,,,,,,,,,,,,,,,,,,,,,,,,,,,,,,,,,,,,,,,,,,,,,,,,,,,25307.0,1.214,,,,,,,,,,,,,,,,,,,,,
1990,25.7159,0.58225,Central African Republic,CAF,Central African Republic,1990,,0.0,,,,,6.338,0.074,,,,,,,,,,,,,,,,0.0,0.0,,,,,,,,,,,,,,,,0.393,441.793,,,,,,,,3155955000.0,,,,,,,,,,,,,,,,,,,,,,,,,,,,,,,,,,,,,,,,,,,,,,,,,,,,,2806740.0,1.24,,,,,,,,,,,,,,,,,,,,,
1990,27.6193,0.747833,Chad,TCD,Chad,1990,,0.0,,,,,109.571,0.742,,,,,,,,,,,,,,,,0.0,0.0,,,,,,,,,,,,,,,,0.351,237.978,,,,,,,,4042256412.0,,,,,,,,,,,,,,,,,,,,,,,,,,,,,,,,,,,,,,,,,,,,,,,,,,,,,5963250.0,1.419,,,,,,,,,,,,,,,,,,,,,
1990,9.83125,0.269167,Chile,CHL,Chile,1990,9.864,1.005,15.789,2.64,-1.933,-0.349,5.348,7.801,,,,,,,,,,20.472,19.711,5.147,30.291,,2281.913,11.19,842.949,,,,,,8.941,0.0,,,0.963,9.904,0.0,0.0,18.398,,1.147,11576.915,9.046,82.098,10.467,126.167,9504.373,,,133955187000.0,,7.37,10.75,1.134,16.52,,1244.463,19.36,1458.412,48.6,-15.191,16.162,-4.449,24.837,673.573,1871.039,53.834,9.904,746.118,-8.833,17.902,-2.665,27.512,2072.551,,,0.0,,0.0,0.0,0.0,0.0,0.0,,5.568,51.637,4.185,79.356,,5977.997,17.709,1334.027,,72.544,200.0,1.741,1.783,2.675,,5.234,201.513,1385.953,13274617.0,153.679,746.118,53.834,-8.833,17.902,-2.665,27.512,2072.551,0.0,,0.0,0.0,0.0,0.0,0.0,0.0,,0.0,0.0,0.0,0.0,0.0
1990,7.636,0.1845,China,CHN,China,1990,2.436,149.347,1.655,2.51,0.487,7.792,1.294,101.864,,,,0.0,,0.0,0.0,,71.032,1.449,76.946,87.615,6134.517,374.932,5212.514,6279.52,5335.719,,,441.251,494.388,2.771,126.744,0.0,50.366,,0.064,126.812,0.002,0.002,621.2,,2.355,6774.268,1.041,95.582,78.522,7620.275,6474.961,420.082,79.586,3385121670000.0,0.446,1.655,1.934,2.51,154.183,2.355,131.01,154.183,131.01,20.403,7.039,4.416,23.153,352.067,107.695,299.152,20.414,126.812,107.752,7.097,4.418,23.342,352.256,299.312,,,0.0,,0.0,0.0,0.0,0.0,0.0,8.108,-0.864,16.702,-11.602,1331.568,42.796,1131.437,1608.545,1366.784,,0.054,,0.002,0.178,0.178,,0.01,0.151,527.835,1176883584.0,7972.524,107.752,20.414,7.097,4.418,23.342,352.256,299.312,0.0,,0.0,0.006,0.006,0.002,0.005,0.0,,0.0,0.006,0.006,0.002,0.005
1990,25.2192,0.296167,Colombia,COL,Colombia,1990,8.285,12.567,5.777,2.144,9.417,23.396,-6.482,-17.102,,,,0.0,,0.0,0.0,,,-54.404,7.531,-22.171,18.582,,561.347,164.25,4961.837,,,,,,27.496,0.0,,,0.274,27.77,0.0,0.0,38.246,,0.973,7453.422,-10.115,68.735,-19.084,169.589,5123.139,,,253538201000.0,,3.773,15.166,1.361,37.42,,1130.412,39.246,1185.588,71.893,2.665,30.956,1.983,76.377,830.626,2307.296,72.609,27.77,838.903,2.638,31.265,1.983,77.139,2330.289,,,0.0,,0.0,0.0,0.0,0.0,0.0,,1.543,46.038,1.727,113.587,,3431.381,271.833,8211.852,,8.277,0.0,0.308,0.0,0.761,,0.716,22.993,1155.37,33102570.0,246.727,838.903,72.609,2.638,31.265,1.983,77.139,2330.289,0.0,,0.0,0.0,0.0,0.0,0.0,0.0,,0.0,0.0,0.0,0.0,0.0
1990,26.1532,0.35425,Comoros,COM,Comoros,1990,,0.0,,,,,18.277,0.041,,,,,,,,,,,,,,,,0.0,0.0,,,,,,,,,,,,,,,,0.568,647.689,,,,,,,,469560000.0,,,,,,,,,,,,,,,,,,,,,,,,,,,,,,,,,,,,,,,,,,,,,,,,,,,,,411598.0,0.267,,,,,,,,,,,,,,,,,,,,,
1990,24.7665,0.261333,Congo,COG,Congo,1990,,0.0,,0.0,0.841,0.779,11.127,0.565,,,,,,,,,,,,,,,,0.0,0.0,,,,,,,,,,,,,,,,0.657,2394.953,,,,,,,,8597207794.0,,,,,,,,0.0,0.0,,,,,,,,,,,,,,,,,,,,,,,,,,,,,,,,93.377,39621.371,,,,,,,,,,,2356740.0,5.644,,,,,,,,,,,,,,,,,,,,,
1990,26.2903,0.39425,Costa Rica,CRI,Costa Rica,1990,,0.0,,,,,-2.05,-0.456,,,,,,,,,,,,,,,,0.0,0.0,,,,,,,,,,,,,,,,0.951,6982.488,,,,,,,,22906633225.0,,,,,,,,,,,,,,,,,,,,,,,,,,,,,,,,,,,,,,,,,,,,,,,,,,,,,3119436.0,21.781,,,,,,,,,,,,,,,,,,,,,
1990,12.4344,0.289667,Croatia,HRV,Croatia,1990,,,,,,,,,0.113,2.094,,,,,,,7.111,,9.425,,9.403,131.899,1968.74,,,15.74,0.01,0.63,4.93,1.36,3.92,0.0,2.94,0.0,0.01,3.93,0.0,0.0,8.86,,1.709,20888.506,,89.406,,89.202,18675.66,1032.165,55.643,58374076956.0,15.35,,25.581,,25.523,284.735,5343.55,,,44.244,,10.594,,10.569,820.707,2212.863,44.357,3.93,822.801,,10.594,,10.569,2212.863,43.71,6.88,0.0,,0.0,,0.0,0.0,0.0,33.183,,54.4,,54.276,615.53,11363.37,,,0.0,2.094,,0.0,,0.0,0.0,0.113,0.0,1854.965,4776370.0,99.771,822.801,44.357,,10.594,,10.569,2212.863,0.0,,0.0,,0.0,0.0,0.0,0.0,,0.0,,0.0,0.0,0.0
1990,26.1334,0.2845,Cuba,CUB,Cuba,1990,,0.0,3.636,0.012,-6.113,-0.684,-2.09,-3.11,,,,,,,,,,,,,,,,0.0,0.0,,,,,,,,,,,,,,,,2.917,13749.456,,,,,,,,49943661000.0,,,,,,,,0.35,33.039,,,,,,,,,,,,,,,,,,,,,,,,,,,,,,,,10.513,992.056,,,,,,,,,,,10596986.0,145.703,,,,,,,,,,,,,,,,,,,,,
1990,19.1944,0.27475,Cyprus,CYP,Cyprus,1990,,0.0,,0.0,,0.0,5.256,0.963,0.0,0.0,,,,,,,0.0,-6.154,3.681,-0.047,0.709,0.0,925.405,0.0,0.0,1.97,0.0,0.0,1.97,0.0,0.0,0.0,1.97,0.0,0.0,0.0,0.0,0.0,1.97,,1.818,25142.36,5.256,100.0,0.963,19.275,25142.381,2569.735,100.0,10601790440.0,0.0,,0.0,0.0,0.0,0.0,0.0,0.0,0.0,0.0,,0.0,0.0,0.0,0.0,0.0,0.0,0.0,0.0,,0.0,0.0,0.0,0.0,0.0,0.0,0.0,,0.0,0.0,0.0,0.0,0.0,100.0,5.747,96.319,1.009,18.565,2569.735,24216.975,0.0,0.0,0.0,0.0,,0.0,0.0,0.0,0.0,0.0,0.0,2569.735,766616.0,19.275,0.0,0.0,,0.0,0.0,0.0,0.0,0.0,,0.0,0.0,0.0,0.0,0.0,0.0,,0.0,0.0,0.0,0.0,0.0
1990,-17.8703,0.590667,Denmark,DNK,Denmark,1990,,0.0,2.116,0.678,8.036,5.101,3.106,6.078,0.731,36.957,,,,,,,90.685,9.701,35.108,6.264,70.834,4582.662,13777.888,0.0,0.0,33.03,0.19,23.56,25.15,0.69,0.03,0.0,0.9,0.0,0.19,0.83,0.0,0.61,25.98,,1.334,39244.309,2.744,98.832,5.325,199.403,38785.999,4891.933,96.805,151205739048.0,2.656,6.6,10.432,1.303,21.048,134.212,4094.07,32.703,6361.113,0.115,22.271,0.039,0.014,0.078,5.835,15.129,3.195,0.83,161.444,46.943,1.168,0.753,2.356,458.342,21.344,7.05,0.0,,0.0,0.0,0.0,0.0,0.0,3.464,-2.042,53.292,-2.242,107.521,175.059,20914.041,68.577,13338.858,0.0,36.957,66.667,0.289,0.233,0.583,0.0,0.731,113.464,5053.377,5141117.0,201.76,161.444,3.195,46.943,1.168,0.753,2.356,458.342,0.0,,0.0,0.0,0.0,0.0,0.0,2.348,42.46,0.84,0.505,1.695,118.651,329.749
1990,29.303,0.680083,Djibouti,DJI,Djibouti,1990,,0.0,,,,,2.741,0.184,,,,,,,,,,,,,,,,0.0,0.0,,,,,,,,,,,,,,,,5.976,11656.619,,,,,,,,1151692000.0,,,,,,,,,,,,,,,,,,,,,,,,,,,,,,,,,,,,,,,,,,,,,,,,,,,,,590393.0,6.882,,,,,,,,,,,,,,,,,,,,,
1990,26.6298,0.289917,Dominica,DMA,Dominica,1990,,0.0,,,,,-0.054,-0.0,,,,,,,,,,,,,,,,0.0,0.0,,,,,,,,,,,,,,,,0.952,3729.2,,,,,,,,275730000.0,,,,,,,,,,,,,,,,,,,,,,,,,,,,,,,,,,,,,,,,,,,,,,,,,,,,,70422.0,0.263,,,,,,,,,,,,,,,,,,,,,
1990,26.1712,0.416417,Dominican Republic,DOM,Dominican Republic,1990,,0.0,,0.0,,0.0,7.891,2.974,,,,,,,,,,,,,,,,0.0,0.0,,,,,,,,,,,,,,,,1.457,5699.71,,,,,,,,27899937000.0,,,,,,,,0.0,0.0,,,,,,,,,,,,,,,,,,,,,,,,,,,,,,,,0.0,0.0,,,,,,,,,,,7133491.0,40.659,,,,,,,,,,,,,,,,,,,,,
1990,22.4347,0.282,Ecuador,ECU,Ecuador,1990,,0.0,42.857,0.458,1.853,3.284,3.256,2.526,,,,,,,,,,,0.0,0.0,0.0,,0.0,0.0,0.0,,,,,,4.987,0.0,,,0.0,4.987,0.0,0.0,6.349,,1.248,7827.756,3.816,82.704,2.435,66.233,6473.836,,,64188501956.0,,64.234,3.267,1.023,2.617,,255.769,1.525,149.089,78.545,0.66,17.296,0.091,13.852,487.413,1353.926,78.545,4.987,487.413,0.66,17.296,0.091,13.852,1353.926,,,0.0,,0.0,0.0,0.0,0.0,0.0,,2.269,79.436,1.411,63.617,,6218.068,180.53,17645.476,,0.0,,0.0,0.0,0.0,,0.0,0.0,620.555,10230931.0,80.085,487.413,78.545,0.66,17.296,0.091,13.852,1353.926,0.0,,0.0,0.0,0.0,0.0,0.0,0.0,,0.0,0.0,0.0,0.0,0.0
1990,23.0914,0.339917,Egypt,EGY,Egypt,1990,,0.0,4.264,3.176,2.197,11.374,2.573,9.772,,,,,,,,,0.0,-14.327,2.266,-1.476,8.828,0.0,157.273,0.0,0.0,,,0.0,32.0,16.446,9.953,0.0,15.554,,0.0,9.953,0.0,0.0,41.952,,1.709,6939.403,2.399,92.903,8.478,361.893,6446.891,570.051,76.276,227979910840.0,39.201,4.264,19.94,3.176,77.674,292.975,1383.71,77.674,1383.708,23.724,4.912,7.097,1.294,27.647,177.306,492.518,23.724,9.953,177.306,4.912,7.097,1.294,27.647,492.518,,,0.0,,0.0,0.0,0.0,0.0,0.0,37.074,2.523,70.696,6.778,275.39,277.076,4905.909,529.153,9426.531,,0.0,,0.0,0.0,0.0,,0.0,0.0,747.357,56134476.0,389.54,177.306,23.724,4.912,7.097,1.294,27.647,492.518,0.0,,0.0,0.0,0.0,0.0,0.0,0.0,,0.0,0.0,0.0,0.0,0.0
1990,25.5665,0.460917,El Salvador,SLV,El Salvador,1990,,0.0,,0.0,,0.0,3.681,0.558,,,,,,,,,,,,,,,,0.0,0.0,,,,,,,,,,,,,,,,0.911,2982.455,,,,,,,,17260965204.0,,,,,,,,0.0,0.0,,,,,,,,,,,,,,,,,,,,,,,,,,,,,,,,0.0,0.0,,,,,,,,,,,5270074.0,15.718,,,,,,,,,,,,,,,,,,,,,
1990,25.285,0.41975,Equatorial Guinea,GNQ,Equatorial Guinea,1990,,0.0,,,,,-0.003,-0.0,,,,,,,,,,,,,,,,0.0,0.0,,,,,,,,,,,,,,,,0.554,1213.533,,,,,,,,917854000.0,,,,,,,,,,,,,,,,,,,,,,,,,,,,,,,,,,,,,,,,,,,,,,,,,,,,,419188.0,0.509,,,,,,,,,,,,,,,,,,,,,
1990,6.69858,0.365083,Estonia,EST,Estonia,1990,,,,,,,-0.716,-0.868,0.0,0.0,,,,,,,0.0,-4.807,53.839,-3.272,64.798,0.0,41398.258,,,10.18,0.0,0.0,17.18,0.96,0.0,0.0,16.22,0.0,0.0,0.0,0.0,0.0,17.18,,4.447,76893.26,-0.716,100.0,-0.868,120.357,76893.322,10975.91,100.0,27066096534.0,5.588,27.831,11.811,3.095,14.215,613.322,9081.807,,,0.0,,0.0,0.0,0.0,0.0,0.0,0.0,0.0,0.0,,0.0,0.0,0.0,0.0,-68.762,-7.0,0.0,,0.0,0.0,0.0,0.0,0.0,94.412,-1.644,34.351,-0.691,41.343,10362.588,26413.257,,,0.0,0.0,,0.0,0.0,0.0,0.0,0.0,0.0,10975.91,1565246.0,120.357,0.0,0.0,,0.0,0.0,0.0,0.0,0.0,,0.0,0.0,0.0,0.0,0.0,0.0,,0.0,0.0,0.0,0.0,0.0
1990,23.3796,0.47775,Ethiopia,ETH,Ethiopia,1990,,0.0,,0.0,,0.0,2.03,0.308,,,,,,,,,,,,,,,,0.0,0.0,,,,,,,,,,,,,,,,0.344,323.18,,,,,,,,45030920303.0,,,,,,,,0.0,0.0,,,,,,,,,,,,,,,,,,,,,,,,,,,,,,,,0.0,0.0,,,,,,,,,,,47887864.0,15.476,,,,,,,,,,,,,,,,,,,,,
1990,9.32042,0.199333,Europe,OWID_EUR,Europe,1990,-8.079,-501.694,-1.787,-44.26,2.661,67.274,1.04,257.343,,,,0.0,,0.074,0.102,,30.789,-4.865,26.631,-340.493,6658.455,1802.89,9227.009,5708.192,7910.167,,,1301.015,2517.704,755.406,633.373,1012.837,461.284,,19.083,653.247,0.011,0.78,4225.601,,,34648.054,0.941,84.261,196.376,21067.884,29194.968,3488.927,59.582,,17.877,7.992,19.305,357.22,4826.921,1046.809,6688.945,2431.962,3370.108,14.989,1.752,5.582,24.031,1395.715,877.702,1934.122,39.428,1666.084,2308.788,1.574,15.739,60.967,3935.115,5453.113,,,23.969,0.856,9.937,21.076,2484.479,1403.545,3442.884,10.916,1.911,38.325,179.649,9582.491,639.227,13279.015,2595.16,3596.261,,26.444,40.005,0.211,15.043,52.647,,0.452,72.956,5855.657,721627214.0,25002.978,905.242,15.459,2.828,5.802,39.891,1450.636,2010.229,0.0,37.514,0.0,0.009,0.035,0.015,0.048,0.018,51.234,0.009,0.734,2.165,1.081,3.0
1990,25.4005,0.31975,Fiji,FJI,Fiji,1990,,0.0,,,,,8.681,0.434,,,,,,,,,,,,,,,,0.0,0.0,,,,,,,,,,,,,,,,,7450.465,,,,,,,,,,,,,,,,,,,,,,,,,,,,,,,,,,,,,,,,,,,,,,,,,,,,,,,,,,,,,728575.0,5.428,,,,,,,,,,,,,,,,,,,,,
1990,2.94325,0.264583,Finland,FIN,Finland,1990,,0.0,,0.0,,0.0,5.832,17.505,9.487,1032.781,,0.0,,0.0,0.0,,17.761,5.293,19.294,3.081,61.288,1933.462,12266.783,0.0,0.0,65.03,5.16,9.66,19.15,4.66,10.86,19.22,4.83,0.0,5.16,16.02,0.0,0.0,54.39,,2.37,63578.215,4.195,69.307,8.863,220.153,44063.936,3832.898,35.209,134055211004.0,8.568,17.804,7.936,3.81,25.21,932.705,5045.819,0.0,0.0,19.967,-16.651,9.497,-6.027,30.168,2173.643,6038.24,64.791,35.24,7053.332,9.726,30.693,8.642,97.498,19514.33,16.362,10.64,35.337,0.655,16.687,0.345,53.006,3846.908,10609.199,8.88,1.498,42.076,1.972,133.655,966.731,26751.334,0.0,0.0,0.0,1032.781,,4.509,14.322,14.322,0.0,9.487,2866.614,10886.23,4996220.0,317.651,3206.424,29.454,22.922,14.007,8.297,44.492,8905.132,0.0,,0.0,0.001,0.001,0.0,0.278,0.0,,0.0,0.0,0.0,0.0,0.0
1990,14.0388,0.238417,France,FRA,France,1990,-12.626,-13.075,-3.314,-1.116,-6.418,-2.983,3.035,77.436,0.338,24.882,,0.0,,0.0,0.0,,7.543,-2.665,8.402,-6.048,220.854,555.351,3897.408,90.485,1596.792,371.76,1.41,31.47,47.34,3.03,53.87,314.08,12.84,0.5,1.91,55.78,0.0,0.0,417.2,,1.607,46387.687,1.879,60.916,29.532,1601.256,28257.366,835.409,11.347,1636207672000.0,0.726,6.924,11.517,19.606,302.754,53.47,5342.695,32.559,574.577,12.912,14.994,5.692,19.51,149.628,950.644,2640.483,88.653,369.86,6526.919,4.891,39.084,47.904,1027.39,18130.358,-12.223,-45.44,75.283,3.34,33.19,28.194,872.448,5542.569,15396.087,3.078,1.505,40.996,15.974,1077.648,226.587,19017.263,43.495,767.554,8.823,33.706,3.886,0.202,0.199,5.314,0.12,0.458,93.774,7362.328,56666860.0,2628.645,984.35,13.37,14.575,5.894,19.71,154.943,2734.271,0.0,,0.0,0.0,0.0,0.0,0.0,0.0,,0.0,0.001,0.001,0.0,0.013
1990,26.2297,0.2705,French Guiana,GUF,French Guiana,1990,,0.0,,,,,19.429,0.457,,,,,,,,,,,,,,,,0.0,0.0,,,,,,,,,,,,,,,,,24254.741,,,,,,,,,,,,,,,,,,,,,,,,,,,,,,,,,,,,,,,,,,,,,,,,,,,,,,,,,,,,,115784.0,2.808,,,,,,,,,,,,,,,,,,,,,
1990,26.8492,0.56125,French Polynesia,PYF,French Polynesia,1990,,0.0,,,,,-5.344,-0.225,,,,,,,,,,,,,,,,0.0,0.0,,,,,,,,,,,,,,,,,19976.707,,,,,,,,,,,,,,,,,,,,,,,,,,,,,,,,,,,,,,,,,,,,,,,,,,,,,,,,,,,,,199906.0,3.993,,,,,,,,,,,,,,,,,,,,,
1990,24.5708,0.346667,Gabon,GAB,Gabon,1990,,0.0,-6.25,-0.061,31.935,37.984,-1.531,-0.197,,,,,,,,,,,,,,,,0.0,0.0,,,,,,,,,,,,,,,,1.763,13316.276,,,,,,,,7172590264.0,,,,,,,,0.921,970.363,,,,,,,,,,,,,,,,,,,,,,,,,,,,,,,,156.924,165270.929,,,,,,,,,,,949493.0,12.644,,,,,,,,,,,,,,,,,,,,,
1990,28.1357,0.431417,Gambia,GMB,Gambia,1990,,0.0,,,,,0.475,0.004,,,,,,,,,,,,,,,,0.0,0.0,,,,,,,,,,,,,,,,0.592,824.258,,,,,,,,1331400000.0,,,,,,,,,,,,,,,,,,,,,,,,,,,,,,,,,,,,,,,,,,,,,,,,,,,,,955595.0,0.788,,,,,,,,,,,,,,,,,,,,,
1990,9.6895,0.219667,Germany,DEU,Germany,1990,-4.962,-75.929,-1.93,-2.956,-5.401,-2.601,-1.571,-66.715,0.293,20.239,,0.0,,0.0,0.0,,56.699,-6.732,36.597,-110.407,1529.691,3921.877,19349.968,1454.182,18394.796,547.75,1.6,310.04,375.25,40.46,17.43,152.47,24.75,0.0,1.6,19.1,0.0,0.07,546.82,,2.074,52872.95,-1.015,88.613,-37.971,3703.87,46852.418,4746.756,68.624,2015547584054.0,7.399,0.557,15.237,3.525,636.883,511.802,8056.316,150.246,1900.553,3.188,-4.981,1.152,-2.524,48.153,220.482,609.113,31.376,171.57,2170.289,-5.695,11.387,-28.744,475.95,6020.574,0.17,0.93,27.883,-5.673,10.135,-25.475,423.611,1928.682,5358.509,4.526,4.693,36.779,68.91,1537.293,313.077,19446.135,45.558,576.293,0.0,20.239,-17.966,0.095,-0.873,3.986,0.0,0.293,50.423,6917.045,79053984.0,4179.817,241.607,3.493,-5.879,1.252,-3.269,52.339,662.066,0.0,,0.0,0.003,0.003,0.0,0.035,0.013,173.077,0.005,0.125,0.197,0.885,2.495
1990,27.2447,0.359583,Ghana,GHA,Ghana,1990,,0.0,,0.0,,0.0,-2.587,-0.779,,,,,,,,,,,,,,,,0.0,0.0,,,,,,,,,,,,,,,,1.125,1987.035,,,,,,,,26095563400.0,,,,,,,,0.0,0.0,,,,,,,,,,,,,,,,,,,,,,,,,,,,,,,,0.0,0.0,,,,,,,,,,,14773274.0,29.355,,,,,,,,,,,,,,,,,,,,,
1990,15.4993,0.298083,Greece,GRC,Greece,1990,-0.038,-0.031,-5.211,-0.09,-10.889,-1.269,3.71,10.266,0.0,0.0,,,,,,,72.369,1.41,32.658,1.303,93.727,2461.375,9165.536,82.788,8095.857,35.49,0.0,25.17,33.01,0.09,1.77,0.0,7.75,0.0,0.0,1.77,0.0,0.0,34.78,,1.775,28065.263,3.915,98.286,10.627,282.076,27584.212,3228.049,94.911,161708982292.0,0.259,2.162,0.56,0.034,1.606,8.801,157.1,1.645,160.865,5.089,-6.895,1.712,-0.364,4.914,173.088,480.53,5.089,1.77,173.088,-6.839,1.714,-0.361,4.919,481.073,2.001,0.71,0.0,,0.0,0.0,0.0,0.0,0.0,22.283,5.235,65.068,9.29,186.743,757.873,18261.577,10.384,1015.483,0.0,0.0,,0.0,0.0,0.0,0.0,0.0,0.0,3401.138,10225990.0,286.995,173.088,5.089,-6.839,1.714,-0.361,4.919,481.073,0.0,,0.0,0.0,0.0,0.0,0.0,0.0,100.0,0.002,0.003,0.006,0.0,0.543
1990,-18.4379,0.604667,Greenland,GRL,Greenland,1990,,0.0,,,,,14.226,0.283,,,,,,,,,,,,,,,,0.0,0.0,,,,,,,,,,,,,,,,,40919.994,,,,,,,,,,,,,,,,,,,,,,,,,,,,,,,,,,,,,,,,,,,,,,,,,,,,,,,,,,,,,55604.0,2.275,,,,,,,,,,,,,,,,,,,,,
1990,27.2057,0.257083,Grenada,GRD,Grenada,1990,,0.0,,,,,48.664,0.172,,,,,,,,,,,,,,,,0.0,0.0,,,,,,,,,,,,,,,,,5456.963,,,,,,,,,,,,,,,,,,,,,,,,,,,,,,,,,,,,,,,,,,,,,,,,,,,,,,,,,,,,,96328.0,0.526,,,,,,,,,,,,,,,,,,,,,
1990,26.8329,0.27225,Guadeloupe,GLP,Guadeloupe,1990,,0.0,,,,,8.069,0.451,,,,,,,,,,,,,,,,0.0,0.0,,,,,,,,,,,,,,,,,15525.122,,,,,,,,,,,,,,,,,,,,,,,,,,,,,,,,,,,,,,,,,,,,,,,,,,,,,,,,,,,,,389251.0,6.043,,,,,,,,,,,,,,,,,,,,,
1990,27.2738,0.37875,Guam,GUM,Guam,1990,,0.0,,,,,151.056,4.6,,,,,,,,,,,,,,,,0.0,0.0,,,,,,,,,,,,,,,,,58594.525,,,,,,,,,,,,,,,,,,,,,,,,,,,,,,,,,,,,,,,,,,,,,,,,,,,,,,,,,,,,,130479.0,7.645,,,,,,,,,,,,,,,,,,,,,
1990,23.5995,0.317,Guatemala,GTM,Guatemala,1990,,0.0,,0.0,0.0,0.0,6.724,1.477,,,,,,,,,,,,,,,,0.0,0.0,,,,,,,,,,,,,,,,0.506,2530.52,,,,,,,,46309390000.0,,,,,,,,0.0,0.0,,,,,,,,,,,,,,,,,,,,,,,,,,,,,,,,2.547,274.928,,,,,,,,,,,9263820.0,23.442,,,,,,,,,,,,,,,,,,,,,
1990,26.0112,0.28675,Guinea,GIN,Guinea,1990,,0.0,,,,,31.927,1.547,,,,,,,,,,,,,,,,0.0,0.0,,,,,,,,,,,,,,,,1.279,1006.403,,,,,,,,4999406832.0,,,,,,,,,,,,,,,,,,,,,,,,,,,,,,,,,,,,,,,,,,,,,,,,,,,,,6352282.0,6.393,,,,,,,,,,,,,,,,,,,,,
1990,26.5658,0.40875,Guyana,GUY,Guyana,1990,,0.0,,,,,-3.76,-0.107,,,,,,,,,,,,,,,,0.0,0.0,,,,,,,,,,,,,,,,,3668.02,,,,,,,,,,,,,,,,,,,,,,,,,,,,,,,,,,,,,,,,,,,,,,,,,,,,,,,,,,,,,743306.0,2.726,,,,,,,,,,,,,,,,,,,,,
1990,26.9429,0.40625,Haiti,HTI,Haiti,1990,,0.0,,0.0,,0.0,-35.774,-2.289,,,,,,,,,,,,,,,,0.0,0.0,,,,,,,,,,,,,,,,0.381,583.898,,,,,,,,10773450000.0,,,,,,,,0.0,0.0,,,,,,,,,,,,,,,,,,,,,,,,,,,,,,,,0.0,0.0,,,,,,,,,,,7037915.0,4.109,,,,,,,,,,,,,,,,,,,,,
1990,25.2095,0.359667,Honduras,HND,Honduras,1990,,0.0,,0.0,,0.0,12.099,1.866,,,,,,,,,,,,,,,,0.0,0.0,,,,,,,,,,,,,,,,1.217,3488.297,,,,,,,,14201085440.0,,,,,,,,0.0,0.0,,,,,,,,,,,,,,,,,,,,,,,,,,,,,,,,0.0,0.0,,,,,,,,,,,4955302.0,17.286,,,,,,,,,,,,,,,,,,,,,
1990,23.2606,0.289833,Hong Kong,HKG,Hong Kong,1990,,0.0,,,,,-2.451,-3.502,,,,,,,,,,-10.056,45.833,-7.141,63.872,,11150.953,0.0,0.0,,,,,,0.0,0.0,,,0.0,0.0,0.0,0.0,28.96,,0.876,24329.461,-2.451,100.0,-3.502,139.358,24329.481,,,159035333640.0,,,0.0,0.0,0.0,,0.0,,,0.0,,0.0,0.0,0.0,0.0,0.0,0.0,0.0,0.0,,0.0,0.0,0.0,0.0,,,0.0,,0.0,0.0,0.0,0.0,0.0,,5.065,54.167,3.639,75.486,,13178.528,,,,0.0,,0.0,0.0,0.0,,0.0,0.0,5055.917,5727942.0,139.358,0.0,0.0,,0.0,0.0,0.0,0.0,0.0,,0.0,0.0,0.0,0.0,0.0,0.0,,0.0,0.0,0.0,0.0,0.0
1990,10.9203,0.277083,Hungary,HUN,Hungary,1990,-9.539,-6.021,-19.295,-11.761,8.597,2.676,-2.052,-6.751,0.07,1.927,,,,,,,30.063,-3.004,22.218,-2.218,71.609,823.927,6900.677,57.094,5501.933,39.59,0.02,8.55,14.51,4.47,0.18,13.73,1.49,0.0,0.02,0.2,0.0,0.0,28.44,,3.018,31058.259,-2.21,87.998,-6.41,283.613,27330.534,1398.266,51.02,106788855888.0,15.717,-4.855,32.163,-5.289,103.659,430.755,9989.171,49.192,4740.388,0.633,12.658,0.153,0.056,0.494,17.346,47.648,48.98,13.93,1342.374,-0.876,12.002,-0.342,38.683,3727.75,28.164,11.15,48.277,-1.152,11.834,-0.444,38.142,1323.101,3675.552,5.239,1.023,33.616,1.098,108.344,143.585,10440.686,33.806,3257.745,0.0,1.927,,0.015,0.047,0.047,0.0,0.07,4.551,2740.641,10377135.0,322.296,19.273,0.703,23.418,0.168,0.103,0.542,52.198,0.0,,0.0,0.0,0.0,0.0,0.0,0.0,,0.0,0.0,0.0,0.0,0.0
1990,1.77475,0.31525,Iceland,ISL,Iceland,1990,,0.0,,0.0,,0.0,0.091,0.019,0.0,0.0,,,,,,,0.0,-4.612,3.611,-0.037,0.756,0.0,2962.848,0.0,0.0,4.51,0.0,0.0,0.01,0.0,4.2,0.0,0.01,0.3,0.3,4.5,0.0,0.0,4.51,,2.857,82051.698,1.341,41.109,0.114,8.603,33730.978,39.209,0.222,7325718440.0,0.0,,0.0,0.0,0.0,0.0,0.0,0.0,0.0,93.126,-1.412,55.135,-0.165,11.538,16467.747,45239.507,99.778,4.5,17644.014,-0.763,58.891,-0.095,12.324,48320.786,0.0,0.0,0.0,,0.0,0.0,0.0,0.0,0.0,0.222,1.954,37.498,0.15,7.847,39.209,30768.13,0.0,0.0,1176.268,1176.268,9.865,3.755,0.071,0.786,6.652,6.652,3081.279,17683.223,255044.0,20.927,17644.014,99.778,-0.763,58.891,-0.095,12.324,48320.786,0.0,,0.0,0.0,0.0,0.0,0.0,0.0,,0.0,0.0,0.0,0.0,0.0
1990,24.1782,0.236333,India,IND,India,1990,7.734,88.739,19.63,19.023,-0.807,-3.233,7.345,156.582,,,,0.0,,0.0,0.0,,66.594,8.143,55.761,96.084,1276.025,219.441,1461.192,1236.167,1415.548,,,191.633,214.903,9.958,66.397,6.395,13.312,,0.038,66.465,0.0,0.03,287.763,,1.307,2620.471,7.271,91.156,141.392,2086.012,2388.716,246.088,74.681,1750993000000.0,3.46,19.63,5.066,19.023,115.927,11.403,132.75,115.927,132.75,23.074,4.777,8.06,8.409,184.436,76.032,211.2,25.319,72.86,83.433,8.114,8.844,15.19,202.389,231.757,,,2.222,59.011,0.776,6.592,17.764,7.323,20.341,4.626,3.936,30.329,26.286,694.058,15.244,794.774,397.409,455.077,,0.043,,0.005,0.104,0.104,,0.013,0.12,329.52,873277824.0,2288.399,76.11,23.097,4.884,8.068,8.598,184.625,211.416,0.0,,0.0,0.0,0.0,0.0,0.0,0.011,,0.004,0.084,0.084,0.035,0.096
1990,26.2378,0.2775,Indonesia,IDN,Indonesia,1990,23.333,13.912,6.354,26.609,3.913,32.601,10.156,56.398,,,,0.0,,0.0,0.0,,29.498,-3.738,6.504,-1.545,39.788,53.844,219.322,73.534,405.338,,,9.768,25.493,3.401,6.492,0.0,12.324,,1.127,7.62,0.0,0.0,33.115,,0.851,3372.027,9.793,96.54,52.676,590.565,3255.356,140.524,76.983,718548903870.0,10.27,3.229,28.073,5.372,171.73,18.746,946.625,445.398,2455.157,19.606,3.383,2.948,0.59,18.035,35.788,99.411,23.01,7.62,42.003,21.336,3.46,3.722,21.166,116.674,,,0.0,,0.0,0.0,0.0,0.0,0.0,37.216,14.794,61.963,48.85,379.046,67.934,2089.409,865.662,4771.764,,6.215,,0.512,3.132,3.132,,3.405,17.263,182.537,181413392.0,611.731,42.003,23.01,21.336,3.46,3.722,21.166,116.674,0.0,,0.0,0.0,0.0,0.0,0.0,0.0,,0.0,0.0,0.0,0.0,0.0
1990,18.4264,0.309333,Iran,IRN,Iran,1990,-8.333,-0.8,58.278,91.012,13.175,220.392,12.531,90.191,,,,,,,,,0.113,0.024,1.02,0.002,8.261,1.153,146.563,8.8,156.129,,,0.065,50.274,30.322,7.381,0.0,19.887,,0.0,7.381,0.0,0.0,57.655,,2.543,14369.606,12.608,97.469,88.389,789.458,14005.875,891.917,87.198,318478240120.0,52.592,45.987,28.148,71.817,227.985,537.947,4044.716,247.18,4385.258,12.802,9.641,2.531,1.803,20.503,130.947,363.743,12.802,7.381,130.947,9.641,2.531,1.803,20.503,363.743,,,0.0,,0.0,0.0,0.0,0.0,0.0,34.493,3.088,68.301,16.57,553.211,352.817,9814.597,1893.235,33588.111,,0.0,,0.0,0.0,0.0,,0.0,0.0,1022.865,56366212.0,809.96,130.947,12.802,9.641,2.531,1.803,20.503,363.743,0.0,,0.0,0.0,0.0,0.0,0.0,0.0,,0.0,0.0,0.0,0.0,0.0
1990,22.5415,0.341417,Iraq,IRQ,Iraq,1990,,0.0,-38.295,-23.465,-24.226,-391.538,-7.366,-18.145,,,,,,,,,,,0.0,0.0,0.0,,0.0,0.0,0.0,,,,,,4.65,0.0,,,0.0,4.65,0.0,0.0,28.373,,3.212,13100.519,-9.97,94.339,-23.84,215.282,12358.965,,,71051762436.0,,-38.295,16.569,-23.465,37.81,,2170.606,37.81,2170.604,16.39,78.856,5.661,5.695,12.917,266.963,741.565,16.39,4.65,266.963,78.856,5.661,5.695,12.917,741.565,,,0.0,,0.0,0.0,0.0,0.0,0.0,,-0.211,77.771,-0.375,177.472,,10188.359,1224.65,70304.926,,0.0,,0.0,0.0,0.0,,0.0,0.0,1628.853,17419114.0,228.199,266.963,16.39,78.856,5.661,5.695,12.917,741.565,0.0,,0.0,0.0,0.0,0.0,0.0,0.0,,0.0,0.0,0.0,0.0,0.0
1990,10.3127,0.225583,Ireland,IRL,Ireland,1990,-41.861,-0.144,2.399,0.568,,0.0,4.995,5.562,0.0,0.0,,,,,,,41.602,-3.569,34.438,-1.49,40.262,1686.186,11467.652,0.2,57.026,14.23,0.0,5.92,13.53,3.94,0.7,0.0,3.67,0.0,0.0,0.7,0.0,0.0,14.23,,1.769,33299.031,5.085,98.344,5.564,114.973,32747.597,3853.734,95.081,66087471600.0,27.688,8.751,18.672,1.757,21.83,1122.225,6217.678,24.27,6912.691,4.919,-0.115,1.656,-0.002,1.936,199.38,551.461,4.919,0.7,199.38,-0.115,1.656,-0.002,1.936,551.461,0.0,0.0,0.0,,0.0,0.0,0.0,0.0,0.0,25.791,11.132,45.233,5.297,52.882,1045.322,15062.267,0.0,0.0,0.0,0.0,,0.0,0.0,0.0,0.0,0.0,0.0,4053.114,3510881.0,116.909,199.38,4.919,-0.115,1.656,-0.002,1.936,551.461,0.0,,0.0,0.0,0.0,0.0,0.0,0.0,,0.0,0.0,0.0,0.0,0.0
1990,20.1298,0.25275,Israel,ISR,Israel,1990,,0.0,-24.357,-0.104,-33.333,-0.063,3.684,4.727,,,,,,,,,,4.829,20.718,1.27,27.565,,6196.739,0.0,0.0,,,,,,0.003,0.0,,,0.0,0.003,0.0,0.0,20.898,,1.426,29909.307,3.684,99.994,4.727,133.039,29907.458,,,93268262832.0,,-13.477,0.237,-0.049,0.315,,70.826,0.323,72.556,0.014,0.0,0.006,0.0,0.008,0.674,1.873,0.014,0.003,0.674,0.0,0.006,0.0,0.008,1.873,,,0.0,,0.0,0.0,0.0,0.0,0.0,,3.449,79.039,3.506,105.158,,23639.893,0.127,28.497,,0.0,,0.0,0.0,0.0,,0.0,0.0,4697.834,4448348.0,133.047,0.674,0.014,0.0,0.006,0.0,0.008,1.873,0.0,,0.0,0.0,0.0,0.0,0.0,0.0,,0.0,0.0,0.0,0.0,0.0
1990,13.7169,0.205167,Italy,ITA,Italy,1990,-5.587,-0.467,1.907,3.053,1.39,0.744,1.694,30.8,0.023,0.876,,0.0,,0.0,0.0,,15.036,1.763,9.208,2.95,170.259,561.805,2984.478,7.89,138.301,247.8,0.05,32.05,178.25,39.71,31.63,0.0,106.49,3.22,3.27,34.9,0.0,0.0,213.15,,1.253,32411.231,2.178,94.756,37.342,1752.053,30711.772,3124.549,83.627,1475485264658.0,18.63,5.819,24.568,24.982,454.26,696.078,7962.745,163.166,2860.141,14.839,-7.138,4.751,-6.753,87.85,554.443,1539.926,16.373,34.9,611.763,-6.321,5.244,-6.542,96.953,1699.485,13.983,34.65,0.0,,0.0,0.0,0.0,0.0,0.0,49.96,0.842,60.981,9.411,1127.532,1866.666,19764.549,54.289,951.63,56.443,57.32,2.315,0.491,0.206,9.086,1.511,1.534,159.271,3736.312,57048240.0,1849.004,611.763,16.373,-6.321,5.244,-6.542,96.953,1699.485,0.0,98.02,0.001,0.006,0.011,0.0,0.195,0.0,-4.0,0.0,-0.0,0.005,0.0,0.093
1990,26.7402,0.36625,Jamaica,JAM,Jamaica,1990,,0.0,,0.0,,0.0,4.655,1.329,,,,,,,,,,,,,,,,0.0,0.0,,,,,,,,,,,,,,,,2.109,12349.854,,,,,,,,14169709270.0,,,,,,,,0.0,0.0,,,,,,,,,,,,,,,,,,,,,,,,,,,,,,,,0.0,0.0,,,,,,,,,,,2419901.0,29.885,,,,,,,,,,,,,,,,,,,,,
1990,13.5906,0.20275,Japan,JPN,Japan,1990,-18.94,-12.561,14.606,3.349,0.0,0.0,3.721,186.12,,,,,,,,,13.532,3.598,17.498,31.526,907.69,958.068,7290.38,53.757,431.767,,,119.284,579.753,172.93,86.895,194.571,287.538,,11.34,98.236,0.001,0.0,881.5,,1.402,41663.835,4.569,84.32,191.106,4374.015,35131.175,4656.451,65.769,3699821562651.0,19.618,9.249,9.7,42.599,503.159,1388.94,4041.27,26.279,211.069,9.858,-5.282,4.653,-13.461,241.375,697.922,1938.675,33.217,292.807,2351.768,-0.609,15.68,-4.985,813.355,6532.693,,,22.073,4.713,10.419,24.325,540.476,1562.756,4340.992,32.619,4.11,57.123,116.981,2963.163,2309.444,23799.525,7.133,57.288,,91.082,-33.477,0.607,-15.852,31.5,,1.286,253.004,7080.023,124505240.0,5187.366,789.012,11.144,-9.699,5.26,-29.311,272.878,2191.702,0.0,,0.0,0.003,0.003,0.008,0.022,0.0,,0.0,0.0,0.0,0.0,0.0
1990,19.9216,0.268917,Jordan,JOR,Jordan,1990,,0.0,63.929,0.55,50.0,0.064,6.683,2.641,,,,,,,,,,,,,,,,0.0,0.0,,,,,,,,,,,,,,,,2.138,11822.012,,,,,,,,19715854376.0,,,,,,,,1.41,395.321,,,,,,,,,,,,,,,,,,,,,,,,,,,,,,,,0.191,53.649,,,,,,,,,,,3565888.0,42.156,,,,,,,,,,,,,,,,,,,,,
1990,6.55575,0.239,Kazakhstan,KAZ,Kazakhstan,1990,-5.129,-35.886,6.013,2.86,1.575,4.652,1.17,9.922,,,,,,,,,71.12,-6.579,52.477,-31.71,450.307,3792.996,27484.796,663.758,40512.872,,,62.144,80.013,9.138,7.366,0.0,8.731,,0.0,7.366,0.0,0.0,87.379,,4.402,52374.975,1.208,97.616,9.999,837.645,51126.16,4883.641,91.57,194940981328.0,10.458,6.587,15.267,8.097,131.01,557.743,7996.259,50.429,3077.974,8.43,1.015,2.384,0.206,20.461,449.588,1248.857,8.43,7.366,449.588,-0.374,2.384,-0.077,20.461,1248.857,,,0.0,-100.0,0.0,-0.282,0.0,0.0,0.0,9.992,15.092,29.871,33.612,256.327,532.902,15645.105,300.054,18313.976,,0.0,,0.0,0.0,0.0,,0.0,0.0,5333.23,16383881.0,858.105,449.588,8.43,1.015,2.384,0.206,20.461,1248.857,0.0,,0.0,0.0,0.0,0.0,0.0,0.0,,0.0,0.0,0.0,0.0,0.0
1990,24.1324,0.33225,Kenya,KEN,Kenya,1990,,0.0,,0.0,,0.0,0.854,0.304,,,,,,,,,,,,,,,,0.0,0.0,,,,,,,,,,,,,,,,0.864,1514.639,,,,,,,,41570970840.0,,,,,,,,0.0,0.0,,,,,,,,,,,,,,,,,,,,,,,,,,,,,,,,0.0,0.0,,,,,,,,,,,23724574.0,35.934,,,,,,,,,,,,,,,,,,,,,
1990,27.0757,0.643167,Kiribati,KIR,Kiribati,1990,,0.0,,,,,0.0,0.0,,,,,,,,,,,,,,,,0.0,0.0,,,,,,,,,,,,,,,,,1042.687,,,,,,,,,,,,,,,,,,,,,,,,,,,,,,,,,,,,,,,,,,,,,,,,,,,,,,,,,,,,,72394.0,0.075,,,,,,,,,,,,,,,,,,,,,
1990,25.7586,0.712083,Kuwait,KWT,Kuwait,1990,,0.0,-48.652,-37.715,-31.594,-251.37,-40.992,-63.558,,,,,,,,,,,0.0,0.0,0.0,,0.0,0.0,0.0,,,,,,0.0,0.0,,,0.0,0.0,0.0,0.0,18.477,,4.378,43664.624,-40.992,100.0,-63.558,91.493,43664.659,,,20899601327.0,,-48.652,43.506,-37.715,39.805,,18996.842,39.805,18996.826,0.0,,0.0,0.0,0.0,0.0,0.0,0.0,0.0,0.0,,0.0,0.0,0.0,0.0,,,0.0,,0.0,0.0,0.0,0.0,0.0,,-33.332,56.494,-25.843,51.688,,24667.818,544.247,259740.217,,0.0,,0.0,0.0,0.0,,0.0,0.0,8818.097,2095350.0,91.493,0.0,0.0,,0.0,0.0,0.0,0.0,0.0,,0.0,0.0,0.0,0.0,0.0,0.0,,0.0,0.0,0.0,0.0,0.0
1990,24.0573,0.380667,Laos,LAO,Laos,1990,0.0,0.0,,,,,12.863,0.34,,,,,,,,,,,,,,,,0.005,1.143,,,,,,,,,,,,,,,,0.478,700.502,,,,,,,,6235010000.0,,,,,,,,,,,,,,,,,,,,,,,,,,,,,,,,,,,,,,,,,,,,,,,,,,,,,4258471.0,2.983,,,,,,,,,,,,,,,,,,,,,
1990,7.32567,0.275333,Latvia,LVA,Latvia,1990,,,,,,,1.505,1.27,0.0,0.0,,,,,,,0.0,3.04,9.619,0.243,8.24,0.0,3092.522,,,10.23,0.0,0.0,2.15,1.73,4.5,0.0,0.42,0.0,0.0,4.5,0.0,0.0,6.65,,2.035,32149.458,-1.616,85.42,-1.202,73.172,27462.245,806.922,32.331,42100703540.0,26.015,3.905,29.985,0.965,25.686,649.29,9640.13,,,67.669,24.673,14.58,2.472,12.489,1688.906,4687.239,67.669,4.5,1688.906,24.673,14.58,2.472,12.489,4687.239,34.995,3.58,0.0,,0.0,0.0,0.0,0.0,0.0,6.316,-5.786,45.816,-2.41,39.246,157.631,14729.592,,,0.0,0.0,,0.0,0.0,0.0,0.0,0.0,0.0,2495.827,2664447.0,85.661,1688.906,67.669,24.673,14.58,2.472,12.489,4687.239,0.0,,0.0,0.0,0.0,0.0,0.0,0.0,,0.0,0.0,0.0,0.0,0.0
1990,18.1846,0.280083,Lebanon,LBN,Lebanon,1990,,0.0,,0.0,,0.0,-7.447,-1.68,,,,,,,,,,,,,,,,0.0,0.0,,,,,,,,,,,,,,,,2.148,7449.42,,,,,,,,9719893964.0,,,,,,,,0.0,0.0,,,,,,,,,,,,,,,,,,,,,,,,,,,,,,,,0.0,0.0,,,,,,,,,,,2803032.0,20.881,,,,,,,,,,,,,,,,,,,,,
1990,14.1472,0.298333,Lesotho,LSO,Lesotho,1990,,0.0,,,,,27.906,0.192,,,,,,,,,,,,,,,,0.0,0.0,,,,,,,,,,,,,,,,0.275,516.493,,,,,,,,3205046000.0,,,,,,,,,,,,,,,,,,,,,,,,,,,,,,,,,,,,,,,,,,,,,,,,,,,,,1703757.0,0.88,,,,,,,,,,,,,,,,,,,,,
1990,25.8816,0.292917,Liberia,LBR,Liberia,1990,,0.0,,,,,-51.883,-2.59,,,,,,,,,,,,,,,,0.0,0.0,,,,,,,,,,,,,,,,0.653,1157.154,,,,,,,,3680820000.0,,,,,,,,,,,,,,,,,,,,,,,,,,,,,,,,,,,,,,,,,,,,,,,,,,,,,2075917.0,2.402,,,,,,,,,,,,,,,,,,,,,
1990,23.101,0.493833,Libya,LBY,Libya,1990,,0.0,-8.824,-5.7,22.514,143.709,5.67,7.989,,,,,,,,,,,,,,,,0.0,0.0,,,,,,,,,,,,,,,,7.309,33559.091,,,,,,,,20372078825.0,,,,,,,,58.9,13275.744,,,,,,,,,,,,,,,,,,,,,,,,,,,,,,,,782.025,176264.209,,,,,,,,,,,4436663.0,148.89,,,,,,,,,,,,,,,,,,,,,
1990,7.97842,0.222167,Lithuania,LTU,Lithuania,1990,,,,,,,1.664,3.287,0.0,0.0,,,,,,,0.0,-9.154,4.617,-0.934,9.271,0.0,2508.484,,,16.38,0.0,0.0,10.92,6.77,0.41,17.03,4.15,0.0,0.0,0.41,0.0,0.0,28.36,,3.935,54327.381,1.43,75.864,2.148,152.332,41215.014,2954.517,38.505,51021990324.0,23.872,15.186,27.099,7.174,54.414,1831.693,14722.395,,,1.446,7.676,0.573,0.082,1.15,110.93,311.144,61.495,17.44,4718.57,2.408,24.136,1.139,48.464,13112.41,-73.138,-11.98,60.049,2.286,23.563,1.058,47.314,4607.64,12801.266,14.633,-4.412,44.147,-4.092,88.646,1122.825,23984.135,,,0.0,0.0,,0.0,0.0,0.0,0.0,0.0,0.0,7673.088,3696035.0,200.796,110.93,1.446,7.676,0.573,0.082,1.15,311.144,0.0,,0.0,0.0,0.0,0.0,0.0,0.0,,0.0,0.0,0.0,0.0,0.0
1990,10.5909,0.248833,Luxembourg,LUX,Luxembourg,1990,,0.0,,,,,5.804,2.037,1.613,26.193,,,,,,,0.0,-2.912,34.464,-0.384,12.798,0.0,33521.039,0.0,0.0,4.55,0.01,0.0,0.54,0.03,0.07,0.0,0.51,0.0,0.01,0.08,0.0,0.0,0.62,,2.642,97264.203,5.897,99.383,2.055,36.904,96663.985,1414.427,87.097,14057149996.0,4.839,17.734,13.415,0.75,4.981,78.579,13048.041,,,11.29,-0.091,0.524,-0.0,0.194,183.352,509.311,12.903,0.08,209.545,-7.364,0.617,-0.018,0.229,600.295,86.374,3.93,0.0,,0.0,0.0,0.0,0.0,0.0,82.258,9.684,51.504,1.689,19.125,1335.848,50094.906,,,0.0,26.193,-34.184,0.094,-0.018,0.035,0.0,1.613,90.985,1623.972,381780.0,37.134,209.545,12.903,-7.364,0.617,-0.018,0.229,600.295,0.0,,0.0,0.0,0.0,0.0,0.0,0.0,,0.0,0.0,0.0,0.0,0.0
1990,23.1242,0.321833,Madagascar,MDG,Madagascar,1990,,0.0,,,,,-1.218,-0.06,,,,,,,,,,,,,,,,0.0,0.0,,,,,,,,,,,,,,,,0.334,422.211,,,,,,,,14680679416.0,,,,,,,,,,,,,,,,,,,,,,,,,,,,,,,,,,,,,,,,,,,,,,,,,,,,,11598647.0,4.897,,,,,,,,,,,,,,,,,,,,,
1990,22.2802,0.525667,Malawi,MWI,Malawi,1990,-5.425,-0.021,,,,,12.349,0.517,,,,,,,,,,,,,,,,0.367,38.988,,,,,,,,,,,,,,,,0.573,500.457,,,,,,,,8210711250.0,,,,,,,,,,,,,,,,,,,,,,,,,,,,,,,,,,,,,,,,,,,,,,,,,,,,,9404499.0,4.707,,,,,,,,,,,,,,,,,,,,,
1990,26.4189,0.217083,Malaysia,MYS,Malaysia,1990,2.31,0.016,-1.01,-1.838,5.636,18.336,7.947,18.948,,,,,,,,,12.739,10.703,5.988,1.49,15.411,162.619,854.755,0.699,38.772,,,2.932,19.027,5.54,4.027,0.0,10.555,,0.0,4.027,0.0,0.0,23.016,,1.797,14274.698,10.044,95.654,22.47,246.185,13654.334,1055.307,82.669,143192116731.0,24.07,-5.292,30.732,-4.419,79.096,307.269,4386.937,180.114,9989.771,17.495,-23.947,4.346,-3.522,11.185,223.335,620.375,17.495,4.027,223.335,-23.947,4.346,-3.522,11.185,620.375,,,0.0,,0.0,0.0,0.0,0.0,0.0,45.859,20.114,58.934,25.399,151.678,585.419,8412.643,343.666,19060.953,,0.0,,0.0,0.0,0.0,,0.0,0.0,1276.552,18029824.0,257.37,223.335,17.495,-23.947,4.346,-3.522,11.185,620.375,0.0,,0.0,0.0,0.0,0.0,0.0,0.0,,0.0,0.0,0.0,0.0,0.0
1990,29.3211,0.403083,Mali,MLI,Mali,1990,,0.0,,,,,1.718,0.042,,,,,,,,,,,,,,,,0.0,0.0,,,,,,,,,,,,,,,,0.258,293.496,,,,,,,,9628796712.0,,,,,,,,,,,,,,,,,,,,,,,,,,,,,,,,,,,,,,,,,,,,,,,,,,,,,8449915.0,2.48,,,,,,,,,,,,,,,,,,,,,
1990,19.5617,0.325917,Malta,MLT,Malta,1990,,0.0,,0.0,,0.0,8.898,0.662,0.0,0.0,,,,,,,55.856,,,,,1712.627,,0.0,0.0,1.11,0.0,0.62,1.11,0.0,0.0,0.0,0.49,0.0,0.0,0.0,0.0,0.0,1.11,,1.703,22392.525,,,,,,3066.154,100.0,4761399713.0,0.0,,,,,0.0,,0.0,0.0,0.0,,,,,0.0,,0.0,0.0,0.0,,,,,,0.0,0.0,0.0,,,,,0.0,,44.144,,,,,1353.528,,0.0,0.0,0.0,0.0,,,,,0.0,0.0,,3066.154,362017.0,8.106,0.0,0.0,,,,,,0.0,,,,,0.0,,0.0,,,,,0.0,
1990,26.6298,0.289917,Martinique,MTQ,Martinique,1990,,0.0,,,,,9.25,0.541,,,,,,,,,,,,,,,,0.0,0.0,,,,,,,,,,,,,,,,,17833.434,,,,,,,,,,,,,,,,,,,,,,,,,,,,,,,,,,,,,,,,,,,,,,,,,,,,,,,,,,,,,358457.0,6.393,,,,,,,,,,,,,,,,,,,,,
1990,28.5364,0.55825,Mauritania,MRT,Mauritania,1990,,0.0,,,,,-10.143,-0.449,,,,,,,,,,,,,,,,0.0,0.0,,,,,,,,,,,,,,,,1.369,1956.873,,,,,,,,2908675000.0,,,,,,,,,,,,,,,,,,,,,,,,,,,,,,,,,,,,,,,,,,,,,,,,,,,,,2034347.0,3.981,,,,,,,,,,,,,,,,,,,,,
1990,23.8407,0.329667,Mauritius,MUS,Mauritius,1990,,0.0,,0.0,,0.0,10.856,0.778,,,,,,,,,,,,,,,,0.0,0.0,,,,,,,,,,,,,,,,0.651,7524.712,,,,,,,,12196699422.0,,,,,,,,0.0,0.0,,,,,,,,,,,,,,,,,,,,,,,,,,,,,,,,0.0,0.0,,,,,,,,,,,1055869.0,7.945,,,,,,,,,,,,,,,,,,,,,
1990,20.9608,0.21025,Mexico,MEX,Mexico,1990,1.238,0.482,8.244,20.097,1.47,24.463,5.214,62.833,,,,0.0,,0.0,0.0,,6.632,-0.84,3.095,-0.332,39.241,92.907,467.473,39.377,469.091,,,7.799,85.046,13.208,24.481,2.937,64.038,,5.124,29.607,0.001,0.001,117.592,,1.539,15103.285,5.076,92.87,56.881,1177.418,14026.378,1013.135,72.323,823577510748.0,11.233,8.151,21.153,20.211,268.175,157.35,3194.727,263.861,3143.335,20.819,-3.444,5.364,-2.426,68.003,291.637,810.104,27.675,32.544,387.69,7.048,7.13,5.952,90.4,1076.919,,,2.498,689.516,0.643,7.125,8.158,34.988,97.189,54.458,4.442,68.622,37.002,870.001,762.877,10364.179,1688.312,20112.567,,61.041,9.604,1.123,1.247,14.233,,4.357,169.559,1400.848,83943136.0,1267.817,352.702,25.178,-1.406,6.487,-1.173,82.242,979.73,0.001,,0.0,0.003,0.003,0.012,0.033,0.001,,0.0,0.003,0.003,0.012,0.033
1990,0.66225,0.274833,Mongolia,MNG,Mongolia,1990,-11.038,-4.699,,0.0,,0.0,-7.509,-4.636,,,,,,,,,,,,,,,,37.872,17339.711,,,,,,,,,,,,,,,,12.681,26143.509,,,,,,,,4502883000.0,,,,,,,,0.0,0.0,,,,,,,,,,,,,,,,,,,,,,,,,,,,,,,,0.0,0.0,,,,,,,,,,,2184139.0,57.101,,,,,,,,,,,,,,,,,,,,,
1990,26.8823,0.27375,Montserrat,MSR,Montserrat,1990,,0.0,,,,,17.83,0.011,,,,,,,,,,,,,,,,0.0,0.0,,,,,,,,,,,,,,,,,7079.005,,,,,,,,,,,,,,,,,,,,,,,,,,,,,,,,,,,,,,,,,,,,,,,,,,,,,,,,,,,,,10616.0,0.075,,,,,,,,,,,,,,,,,,,,,
1990,18.6977,0.32525,Morocco,MAR,Morocco,1990,4.365,0.182,-4.762,-0.031,0.0,0.0,2.353,1.897,,,,,,,,,,-3.521,15.443,-0.465,12.746,,513.817,4.36,175.749,,,,,,1.22,0.0,,,0.0,1.22,0.0,0.0,9.628,,0.808,3327.109,2.225,95.894,1.722,79.148,3190.504,,,102154761170.0,,-7.488,0.61,-0.041,0.503,,20.291,0.614,24.76,12.671,5.445,4.106,0.175,3.389,49.179,136.608,12.671,1.22,49.179,5.445,4.106,0.175,3.389,136.608,,,0.0,,0.0,0.0,0.0,0.0,0.0,,3.5,79.841,2.228,65.898,,2656.396,0.184,7.429,,0.0,,0.0,0.0,0.0,,0.0,0.0,388.109,24807460.0,82.537,49.179,12.671,5.445,4.106,0.175,3.389,136.608,0.0,,0.0,0.0,0.0,0.0,0.0,0.0,,0.0,0.0,0.0,0.0,0.0
1990,24.2007,0.291583,Mozambique,MOZ,Mozambique,1990,,0.0,,0.0,,0.0,2.116,0.113,,,,,,,,,,,,,,,,0.0,0.0,,,,,,,,,,,,,,,,0.243,420.742,,,,,,,,22495833648.0,,,,,,,,0.0,0.0,,,,,,,,,,,,,,,,,,,,,,,,,,,,,,,,0.0,0.0,,,,,,,,,,,12987292.0,5.464,,,,,,,,,,,,,,,,,,,,,
1990,21.3368,0.549167,Namibia,NAM,Namibia,1990,,,,,,,,,,,,,,,,,,,,,,,,0.0,0.0,,,,,,,,,,,,,,,,1.38,7089.478,,,,,,,,7363138983.0,,,,,,,,0.0,0.0,,,,,,,,,,,,,,,,,,,,,,,,,,,,,,,,0.0,0.0,,,,,,,,,,,1432899.0,10.159,,,,,,,,,,,,,,,,,,,,,
1990,15.2723,0.44375,Nepal,NPL,Nepal,1990,,0.0,,0.0,,0.0,20.294,0.935,,,,,,,,,,,,,,,,0.0,0.0,,,,,,,,,,,,,,,,0.226,293.279,,,,,,,,24523435000.0,,,,,,,,0.0,0.0,,,,,,,,,,,,,,,,,,,,,,,,,,,,,,,,0.0,0.0,,,,,,,,,,,18905480.0,5.545,,,,,,,,,,,,,,,,,,,,,
1990,11.0003,0.24,Netherlands,NLD,Netherlands,1990,,0.0,0.176,1.111,9.164,4.421,2.522,22.389,0.933,44.77,,0.0,,0.0,0.0,,34.833,6.706,11.169,6.389,101.667,1671.184,6793.434,0.0,0.0,81.01,0.67,25.01,67.48,36.53,0.09,3.5,5.94,0.0,0.67,0.82,0.0,0.06,71.8,,2.213,60821.631,2.773,98.684,24.239,898.243,60021.131,4509.055,93.983,411390797650.0,50.877,0.607,40.436,2.222,368.056,2440.957,24593.717,634.167,42375.405,0.125,129.73,0.026,0.133,0.236,6.014,15.777,6.017,4.32,288.665,-13.376,1.316,-1.85,11.981,800.549,11.369,9.21,4.875,-12.864,1.069,-1.436,9.728,233.872,650.017,8.273,3.785,47.079,15.627,428.52,396.914,28633.979,52.668,3519.284,0.0,44.77,-25.556,0.204,-0.639,1.861,0.0,0.933,124.361,4797.72,14965442.0,910.223,54.793,1.142,-15.521,0.247,-0.414,2.253,150.532,0.0,,0.0,0.0,0.0,0.0,0.0,0.084,143.478,0.017,0.092,0.156,4.009,10.394
1990,23.4129,0.372,New Caledonia,NCL,New Caledonia,1990,,0.0,,,,,-3.264,-0.253,,,,,,,,,,,,,,,,0.0,0.0,,,,,,,,,,,,,,,,,44087.402,,,,,,,,,,,,,,,,,,,,,,,,,,,,,,,,,,,,,,,,,,,,,,,,,,,,,,,,,,,,,170335.0,7.51,,,,,,,,,,,,,,,,,,,,,
1990,11.2693,0.321167,New Zealand,NZL,New Zealand,1990,-6.002,-1.113,,,,,18.683,28.449,,,,,,,,,,-2.832,7.707,-0.406,13.928,,4098.756,17.424,5127.38,,,,,,23.185,0.0,,,2.609,25.794,0.0,0.0,32.264,,2.426,53181.107,30.894,60.353,25.743,109.069,32096.416,,,74483238000.0,,85.085,24.595,20.433,44.449,,13080.147,,,71.861,2.777,35.637,1.74,64.404,6822.869,18952.429,79.946,25.794,7590.498,3.925,39.647,2.706,71.65,21084.733,,,0.0,,0.0,0.0,0.0,0.0,0.0,,12.708,28.05,5.716,50.692,,14917.513,,,,767.629,15.375,4.01,0.966,7.246,,8.085,2132.304,9494.586,3398175.0,180.719,7590.498,79.946,3.925,39.647,2.706,71.65,21084.733,0.0,,0.0,0.0,0.0,0.0,0.0,0.0,,0.0,0.0,0.0,0.0,0.0
1990,26.5547,0.361583,Nicaragua,NIC,Nicaragua,1990,,0.0,,0.0,,0.0,-7.214,-0.839,,,,,,,,,,,,,,,,0.0,0.0,,,,,,,,,,,,,,,,1.293,2586.51,,,,,,,,8348404000.0,,,,,,,,0.0,0.0,,,,,,,,,,,,,,,,,,,,,,,,,,,,,,,,0.0,0.0,,,,,,,,,,,4173435.0,10.795,,,,,,,,,,,,,,,,,,,,,
1990,28.0481,0.541583,Niger,NER,Niger,1990,-9.989,-0.101,,0.0,,0.0,-1.091,-0.041,,,,,,,,,,,,,,,,0.914,113.867,,,,,,,,,,,,,,,,0.546,464.728,,,,,,,,6837988560.0,,,,,,,,0.0,0.0,,,,,,,,,,,,,,,,,,,,,,,,,,,,,,,,0.0,0.0,,,,,,,,,,,8026592.0,3.73,,,,,,,,,,,,,,,,,,,,,
1990,27.3662,0.392417,Nigeria,NGA,Nigeria,1990,7.143,0.045,-4.783,-1.928,0.589,5.958,-2.88,-6.058,,,,,,,,,,,,,,,,0.68,7.137,,,,,,,,,,,,,,,,1.193,2145.907,,,,,,,,171278464707.0,,,,,,,,38.39,403.198,,,,,,,,,,,,,,,,,,,,,,,,,,,,,,,,1017.471,10686.322,,,,,,,,,,,95212456.0,204.317,,,,,,,,,,,,,,,,,,,,,
1990,25.6584,0.441417,Niue,NIU,Niue,1990,,0.0,,,,,0.0,0.0,,,,,,,,,,,,,,,,0.0,0.0,,,,,,,,,,,,,,,,,5458.855,,,,,,,,,,,,,,,,,,,,,,,,,,,,,,,,,,,,,,,,,,,,,,,,,,,,,,,,,,,,,2332.0,0.013,,,,,,,,,,,,,,,,,,,,,
1990,8.17908,0.275333,North Korea,PRK,North Korea,1990,33.216,61.406,,,,,1.571,4.449,,,,,,,,,,,,,,,,246.276,12135.964,,,,,,,,,,,,,,,,5.726,14171.351,,,,,,,,50223946188.0,,,,,,,,,,,,,,,,,,,,,,,,,,,,,,,,,,,,,,,,,,,,,,,,,,,,,20293056.0,287.58,,,,,,,,,,,,,,,,,,,,,
1990,27.2738,0.37875,Northern Mariana Islands,MNP,Northern Mariana Islands,1990,,0.0,,,,,,0.0,,,,,,,,,,,,,,,,0.0,0.0,,,,,,,,,,,,,,,,,0.0,,,,,,,,,,,,,,,,,,,,,,,,,,,,,,,,,,,,,,,,,,,,,,,,,,,,,,,,,,,,,45752.0,0.0,,,,,,,,,,,,,,,,,,,,,
1990,2.0665,0.290583,Norway,NOR,Norway,1990,-10.619,-0.296,-11.338,-32.338,9.657,84.131,0.99,4.642,0.173,49.443,,,,,,,0.033,-6.349,1.993,-0.64,9.438,9.418,2222.014,2.492,586.673,105.55,0.21,0.04,0.11,0.0,121.14,0.0,0.07,0.0,0.21,121.35,0.0,0.0,121.46,,3.793,111506.229,-2.496,28.82,-3.494,136.493,32136.616,25.899,0.091,124859204604.0,0.0,5.905,4.712,1.244,22.318,0.0,5254.647,252.884,59540.034,99.737,2.318,71.055,7.625,336.514,28521.743,79230.398,99.909,121.35,28571.186,2.473,71.18,8.136,337.106,79369.702,-15.073,-15.91,0.0,,0.0,0.0,0.0,0.0,0.0,0.058,-3.766,22.115,-4.099,104.738,16.481,24659.955,955.324,224925.679,0.0,49.443,634.483,0.125,0.511,0.592,0.0,0.173,139.305,28597.085,4247286.0,473.599,28571.186,99.909,2.473,71.18,8.136,337.106,79369.702,0.0,,0.0,0.0,0.0,0.0,0.0,0.0,,0.0,0.0,0.0,0.0,0.0
1990,27.4445,0.468667,Oman,OMN,Oman,1990,,0.0,8.073,1.828,6.797,25.343,25.229,9.844,,,,,,,,,,,0.0,0.0,0.0,,0.0,0.0,0.0,,,,,,0.0,0.0,,,0.0,0.0,0.0,0.0,4.501,,2.669,26964.532,25.229,100.0,9.844,48.864,26964.553,,,18309502498.0,,8.073,50.092,1.828,24.477,,13506.959,24.477,13506.949,0.0,,0.0,0.0,0.0,0.0,0.0,0.0,0.0,0.0,,0.0,0.0,0.0,0.0,,,0.0,,0.0,0.0,0.0,0.0,0.0,,48.961,49.908,8.016,24.387,,13457.594,398.204,219740.022,,0.0,,0.0,0.0,0.0,,0.0,0.0,2483.779,1812158.0,48.864,0.0,0.0,,0.0,0.0,0.0,0.0,0.0,,0.0,0.0,0.0,0.0,0.0,0.0,,0.0,0.0,0.0,0.0,0.0
1990,21.3764,0.322667,Pakistan,PAK,Pakistan,1990,3.676,0.523,6.812,6.513,29.075,8.659,4.6,13.299,,,,,,,,,,5.994,7.957,1.361,24.062,,223.53,14.736,136.886,,,,,,17.085,0.42,,,0.0,17.085,0.0,0.0,45.985,,1.043,2809.26,5.6,83.921,13.459,253.785,2357.551,,,290069532390.0,,6.812,33.769,6.513,102.12,,948.654,102.12,948.653,37.154,-2.052,15.694,-0.994,47.459,158.716,440.877,38.067,17.505,162.616,-0.327,16.079,-0.16,48.626,451.711,,,0.913,251.852,0.386,0.835,1.166,3.9,10.834,,4.577,42.195,5.585,127.602,,1185.368,38.442,357.107,,0.0,,0.0,0.0,0.0,,0.0,0.0,427.18,107647920.0,302.411,158.716,37.154,-2.052,15.694,-0.994,47.459,440.877,0.0,,0.0,0.0,0.0,0.0,0.0,0.0,,0.0,0.0,0.0,0.0,0.0
1990,26.9253,0.3235,Panama,PAN,Panama,1990,,0.0,,0.0,,0.0,5.69,2.841,,,,,,,,,,,,,,,,0.0,0.0,,,,,,,,,,,,,,,,3.098,21356.531,,,,,,,,17035767000.0,,,,,,,,0.0,0.0,,,,,,,,,,,,,,,,,,,,,,,,,,,,,,,,0.0,0.0,,,,,,,,,,,2470946.0,52.771,,,,,,,,,,,,,,,,,,,,,
1990,24.9367,0.278583,Papua New Guinea,PNG,Papua New Guinea,1990,,0.0,,,,,1.276,0.141,,,,,,,,,,,,,,,,0.0,0.0,,,,,,,,,,,,,,,,,2422.817,,,,,,,,,,,,,,,,,,,,,,,,,,,,,,,,,,,,,,,,,,,,,,,,,,,,,,,,,,,,,4615843.0,11.183,,,,,,,,,,,,,,,,,,,,,
1990,23.5994,0.331583,Paraguay,PRY,Paraguay,1990,,0.0,,0.0,,0.0,6.525,4.145,,,,,,,,,,,,,,,,0.0,0.0,,,,,,,,,,,,,,,,3.049,16022.871,,,,,,,,22196120000.0,,,,,,,,0.0,0.0,,,,,,,,,,,,,,,,,,,,,,,,,,,,,,,,0.0,0.0,,,,,,,,,,,4223413.0,67.671,,,,,,,,,,,,,,,,,,,,,
1990,20.2331,0.309333,Peru,PER,Peru,1990,-19.184,-0.182,-4.296,-0.192,-1.143,-0.91,-1.082,-1.151,,,,,,,,,,-27.872,1.602,-0.651,1.685,,76.343,0.768,34.801,,,,,,10.469,0.0,,,0.136,10.605,0.0,0.0,13.808,,1.016,4766.165,-1.329,71.997,-1.02,75.738,3431.486,,,103572000000.0,,-4.296,4.076,-0.193,4.288,,194.276,4.288,194.275,75.818,-0.362,27.644,-0.106,29.081,474.324,1317.566,76.803,10.605,480.485,-0.441,28.003,-0.131,29.458,1334.683,,,0.0,,0.0,0.0,0.0,0.0,0.0,,-0.252,66.319,-0.176,69.765,,3160.868,78.706,3565.969,,6.162,-6.207,0.359,-0.025,0.378,,0.985,17.116,625.605,22071434.0,105.196,480.485,76.803,-0.441,28.003,-0.131,29.458,1334.683,0.0,,0.0,0.0,0.0,0.0,0.0,0.0,,0.0,0.0,0.0,0.0,0.0
1990,26.9323,0.22975,Philippines,PHL,Philippines,1990,-8.603,-0.757,,,,,3.899,6.837,,,,,,,,,,14.2,6.826,1.547,12.438,,200.948,8.039,129.875,,,,,,6.062,0.0,,,5.896,11.958,0.0,0.0,26.327,,0.799,2943.677,5.281,81.769,7.473,148.983,2407.029,,,227937195440.0,,,0.0,0.0,0.0,,0.0,,,23.026,-6.523,9.242,-1.175,16.839,97.94,272.055,45.42,11.958,193.194,-1.878,18.231,-0.636,33.216,536.65,,,0.0,,0.0,0.0,0.0,0.0,0.0,,4.537,74.943,5.926,136.546,,2206.082,,,,95.254,3.404,8.989,0.539,16.377,,22.394,264.595,425.348,61895168.0,182.199,193.194,45.42,-1.878,18.231,-0.636,33.216,536.65,0.0,,0.0,0.0,0.0,0.0,0.0,0.0,,0.0,0.0,0.0,0.0,0.0
1990,9.23167,0.2525,Poland,POL,Poland,1990,-14.682,-200.054,-31.349,-12.628,-33.333,-0.671,-17.638,-259.139,0.037,1.317,,0.0,,0.0,0.0,,96.965,-20.438,75.39,-234.351,912.263,3434.124,24032.116,1162.502,30624.234,133.4,0.05,130.36,132.95,0.13,1.44,0.0,2.46,0.0,0.05,1.49,0.0,0.0,134.44,,3.895,31876.894,-17.65,99.662,-258.473,1205.965,31769.204,3502.353,98.892,310673175200.0,0.097,-6.118,8.59,-6.774,103.946,3.425,2738.292,27.655,728.533,1.071,-11.933,0.325,-0.533,3.936,37.934,103.691,1.108,1.49,39.252,-14.019,0.338,-0.667,4.089,107.715,-0.78,-1.04,0.0,,0.0,0.0,0.0,0.0,0.0,1.83,-8.377,15.682,-17.349,189.755,64.805,4998.796,1.342,35.343,0.0,1.317,-46.602,0.013,-0.133,0.153,0.0,0.037,4.025,3541.605,37960192.0,1210.053,39.252,1.108,-14.019,0.338,-0.667,4.089,107.715,0.0,,0.0,0.0,0.0,0.0,0.0,0.0,,0.0,0.0,0.0,0.0,0.0
1990,15.7428,0.284167,Portugal,PRT,Portugal,1990,-7.953,-0.098,,0.0,,0.0,1.227,2.382,2.436,69.73,,0.0,,0.0,0.0,,31.98,17.25,16.853,4.873,33.122,915.581,3347.253,1.134,114.56,28.37,0.69,9.06,18.5,0.0,9.14,0.0,9.44,0.0,0.69,9.83,0.0,0.0,28.33,,1.148,19861.559,-3.96,86.077,-6.976,169.174,17096.258,1869.563,65.302,171225921384.0,0.0,,0.0,0.0,0.0,0.0,0.0,0.0,0.0,32.263,57.364,12.942,9.272,25.436,923.665,2570.511,34.698,9.83,993.395,51.974,13.923,9.358,27.364,2765.317,0.141,0.04,0.0,,0.0,0.0,0.0,0.0,0.0,33.322,-8.011,69.224,-11.849,136.051,953.983,13749.005,0.0,0.0,0.0,69.73,4.841,0.979,0.089,1.925,0.0,2.436,194.536,2862.959,9895358.0,196.537,993.395,34.698,51.974,13.923,9.358,27.364,2765.317,0.0,-100.0,0.0,-0.003,0.0,0.0,0.0,0.0,-4.0,0.001,-0.0,0.003,0.0,0.269
1990,25.9398,0.244583,Puerto Rico,PRI,Puerto Rico,1990,,0.0,,,,,-2.281,-1.559,,,,,,,,,,,,,,,,0.0,0.0,,,,,,,,,,,,,,,,1.124,19628.119,,,,,,,,59418063000.0,,,,,,,,,,,,,,,,,,,,,,,,,,,,,,,,,,,,,,,,,,,,,,,,,,,,,3403168.0,66.798,,,,,,,,,,,,,,,,,,,,,
1990,27.3203,0.478833,Qatar,QAT,Qatar,1990,,0.0,1.613,1.035,7.273,16.654,1.405,1.092,,,,,,,,,,,0.0,0.0,0.0,,0.0,0.0,0.0,,,,,,0.0,0.0,,,0.0,0.0,0.0,0.0,4.842,,15.097,165529.708,1.405,100.0,1.092,78.838,165529.84,,,5221963355.0,,1.613,82.708,1.035,65.205,,136906.309,65.205,136906.199,0.0,,0.0,0.0,0.0,0.0,0.0,0.0,0.0,0.0,,0.0,0.0,0.0,0.0,,,0.0,,0.0,0.0,0.0,0.0,0.0,,0.421,17.292,0.057,13.633,,28623.532,245.651,515774.928,,0.0,,0.0,0.0,0.0,,0.0,0.0,10166.395,476275.0,78.838,0.0,0.0,,0.0,0.0,0.0,0.0,0.0,,0.0,0.0,0.0,0.0,0.0,0.0,,0.0,0.0,0.0,0.0,0.0
1990,23.5422,0.46075,Reunion,REU,Reunion,1990,,0.0,,,,,5.959,0.378,,,,,,,,,,,,,,,,0.0,0.0,,,,,,,,,,,,,,,,,11009.486,,,,,,,,,,,,,,,,,,,,,,,,,,,,,,,,,,,,,,,,,,,,,,,,,,,,,,,,,,,,,610584.0,6.722,,,,,,,,,,,,,,,,,,,,,
1990,10.226,0.26875,Romania,ROU,Romania,1990,-41.021,-66.845,-2.735,-7.493,-15.453,-17.294,-4.786,-36.856,0.0,0.0,,,,,,,28.771,-28.248,19.921,-57.502,146.058,787.597,6218.102,96.108,4091.605,73.78,0.0,18.5,52.89,22.57,11.41,0.0,11.82,0.0,0.0,11.41,0.0,0.0,64.3,,5.73,31213.129,-4.175,95.676,-30.565,701.468,29863.468,2251.677,82.255,127957828220.0,35.101,2.82,45.745,9.198,335.391,960.869,14278.568,266.453,11343.649,17.745,-16.574,4.323,-6.297,31.697,485.756,1349.442,17.745,11.41,485.756,-16.559,4.324,-6.292,31.703,1349.685,12.849,9.48,0.0,,0.0,0.0,0.0,0.0,0.0,18.383,8.77,30.009,17.739,220.018,503.211,9366.798,94.622,4028.313,0.0,0.0,,0.0,0.003,0.003,0.0,0.0,0.124,2737.433,23489156.0,733.17,485.756,17.745,-16.559,4.324,-6.292,31.703,1349.685,0.0,,0.0,0.0,0.0,0.0,0.0,0.0,,0.0,0.003,0.003,0.0,0.119
1990,-4.02292,0.228,Russia,RUS,Russia,1990,-3.527,-78.904,5.879,332.901,-6.58,-422.576,-1.761,-179.943,,,,,,,,,14.494,-7.368,21.12,-168.654,2120.213,1063.194,14371.264,2158.076,14627.893,,,156.855,796.964,511.616,166.846,118.325,128.494,,0.065,166.911,0.0,0.0,1082.2,,5.471,68047.247,-1.595,92.108,-149.863,9246.803,62676.778,5401.992,73.643,1834865200000.0,47.276,1.51,41.258,61.614,4141.95,3467.84,28075.033,5995.9,40641.469,15.417,4.457,4.617,19.777,463.46,1130.915,3141.432,26.357,285.236,1933.387,-3.658,7.892,-30.08,792.322,5370.524,,,10.934,-13.212,3.274,-50.037,328.681,802.032,2227.868,11.873,-1.415,29.73,-42.824,2984.632,870.958,20230.481,5999.812,40667.99,,0.441,,0.002,0.181,0.181,,0.006,1.224,7335.379,147531568.0,10039.117,1131.355,15.423,4.498,4.618,19.957,463.641,3142.656,0.0,,0.0,0.0,0.0,0.0,0.0,0.0,,0.0,0.0,0.0,0.0,0.0
1990,19.5458,0.480333,Rwanda,RWA,Rwanda,1990,,0.0,,,,,4.604,0.155,,,,,,,,,,,,,,,,0.0,0.0,,,,,,,,,,,,,,,,0.361,483.129,,,,,,,,9760500480.0,,,,,,,,,,,,,,,,,,,,,,,,,,,,,,,,,,,,,,,,,,,,,,,,,,,,,7288883.0,3.521,,,,,,,,,,,,,,,,,,,,,
1990,27.1427,0.251833,Saint Lucia,LCA,Saint Lucia,1990,,0.0,,,,,0.0,0.0,,,,,,,,,,,,,,,,0.0,0.0,,,,,,,,,,,,,,,,1.019,5303.451,,,,,,,,718014000.0,,,,,,,,,,,,,,,,,,,,,,,,,,,,,,,,,,,,,,,,,,,,,,,,,,,,,138019.0,0.732,,,,,,,,,,,,,,,,,,,,,
1990,26.8586,0.29025,Samoa,WSM,Samoa,1990,,0.0,,,,,-0.03,-0.0,,,,,,,,,,,,,,,,0.0,0.0,,,,,,,,,,,,,,,,,3658.745,,,,,,,,,,,,,,,,,,,,,,,,,,,,,,,,,,,,,,,,,,,,,,,,,,,,,,,,,,,,,162797.0,0.596,,,,,,,,,,,,,,,,,,,,,
1990,26.0188,0.334833,Saudi Arabia,SAU,Saudi Arabia,1990,,0.0,12.483,35.34,26.356,831.204,8.382,71.792,,,,,,,,,0.0,,0.0,0.0,0.0,0.0,0.0,0.0,0.0,,,0.0,79.88,40.729,0.0,0.0,39.152,,0.0,0.0,0.0,0.0,79.88,,4.032,57185.492,8.382,100.0,71.792,928.338,57185.537,4920.63,100.0,230231008935.0,50.987,12.483,34.302,35.34,318.44,2508.876,19615.896,318.44,19615.88,0.0,,0.0,0.0,0.0,0.0,0.0,0.0,0.0,0.0,,0.0,0.0,0.0,0.0,,,0.0,,0.0,0.0,0.0,0.0,0.0,49.013,6.357,65.698,36.452,609.897,2411.754,37569.642,3984.946,245472.367,,0.0,,0.0,0.0,0.0,,0.0,0.0,4920.63,16233786.0,928.337,0.0,0.0,,0.0,0.0,0.0,0.0,0.0,,0.0,0.0,0.0,0.0,0.0,0.0,,0.0,0.0,0.0,0.0,0.0
1990,28.508,0.34775,Senegal,SEN,Senegal,1990,,0.0,,0.0,,0.0,1.218,0.128,,,,,,,,,,,,,,,,0.0,0.0,,,,,,,,,,,,,,,,0.665,1413.577,,,,,,,,15993263368.0,,,,,,,,0.0,0.0,,,,,,,,,,,,,,,,,,,,,,,,,,,,,,,,0.0,0.0,,,,,,,,,,,7526306.0,10.639,,,,,,,,,,,,,,,,,,,,,
1990,11.1961,0.276417,Serbia,SRB,Serbia,1990,,,,,,,,,0.0,0.0,,,,,,,72.569,,,,,2971.313,,,,36.95,0.0,28.28,31.48,1.32,7.49,0.0,1.88,0.0,0.0,7.49,0.0,0.0,38.97,,,,,,,,,3307.53,80.78,75948516338.0,3.387,,,,,138.689,,,,19.22,,,,,786.957,,19.22,7.49,786.957,,,,,,-5.467,-2.02,0.0,,,,,0.0,,4.824,,,,,197.527,,,,0.0,0.0,,,,,0.0,0.0,,4094.487,9517677.0,,786.957,19.22,,,,,,0.0,,,,,0.0,,0.0,,,,,0.0,
1990,27.2201,0.63925,Seychelles,SYC,Seychelles,1990,,0.0,,,,,-10.689,-0.216,,,,,,,,,,,,,,,,0.0,0.0,,,,,,,,,,,,,,,,3.086,25576.329,,,,,,,,584969000.0,,,,,,,,,,,,,,,,,,,,,,,,,,,,,,,,,,,,,,,,,,,,,,,,,,,,,70572.0,1.805,,,,,,,,,,,,,,,,,,,,,
1990,26.5514,0.30025,Sierra Leone,SLE,Sierra Leone,1990,,0.0,,,,,1.479,0.062,,,,,,,,,,,,,,,,0.0,0.0,,,,,,,,,,,,,,,,0.619,990.109,,,,,,,,6912780000.0,,,,,,,,,,,,,,,,,,,,,,,,,,,,,,,,,,,,,,,,,,,,,,,,,,,,,4319763.0,4.277,,,,,,,,,,,,,,,,,,,,,
1990,27.13,0.310333,Singapore,SGP,Singapore,1990,,0.0,,0.0,,0.0,19.504,44.566,,,,,,,,,,72.856,0.091,0.105,0.249,,82.789,0.0,0.0,,,,,,0.0,0.0,,,0.085,0.085,0.0,0.0,15.618,,3.954,90631.023,19.524,99.914,44.566,272.832,90552.731,,,69065568600.0,,,0.0,0.0,0.0,,0.0,0.0,0.0,0.0,,0.0,0.0,0.0,0.0,0.0,0.544,0.085,28.211,0.0,0.086,0.0,0.236,78.365,,,0.0,,0.0,0.0,0.0,0.0,0.0,,19.49,99.822,44.461,272.583,,90469.942,0.0,0.0,,28.211,0.0,0.086,0.0,0.236,,0.544,78.365,5183.46,3012968.0,273.068,28.211,0.544,0.0,0.086,0.0,0.236,78.365,0.0,,0.0,0.0,0.0,0.0,0.0,0.0,,0.0,0.0,0.0,0.0,0.0
1990,8.71675,0.306583,Slovakia,SVK,Slovakia,1990,,,,,,,0.284,0.7,0.0,0.0,,,,,,,29.423,-5.261,36.829,-5.057,91.076,1418.184,17221.698,,,30.69,0.0,7.5,11.57,1.82,1.88,12.04,2.25,0.0,0.0,1.88,0.0,0.0,25.49,,3.798,46761.831,0.609,84.369,1.264,208.642,39452.439,2187.785,45.39,65119610384.0,7.14,34.315,23.928,15.118,59.173,344.146,11189.099,,,7.375,-4.179,2.112,-0.228,5.222,355.491,987.477,54.61,13.92,2632.149,-1.438,15.631,-0.564,38.656,7309.429,16.944,5.2,47.234,-0.995,13.519,-0.336,33.433,2276.657,6321.952,8.827,-13.092,23.612,-8.796,58.393,425.455,11041.642,,,0.0,0.0,,0.0,0.0,0.0,0.0,0.0,0.0,4819.933,5288455.0,247.298,355.491,7.375,-4.179,2.112,-0.228,5.222,987.477,0.0,,0.0,0.0,0.0,0.0,0.0,0.0,,0.0,0.0,0.0,0.0,0.0
1990,10.7263,0.338583,Slovenia,SVN,Slovenia,1990,,,,,,,,,0.0,0.0,,,,,,,31.27,,26.721,,18.301,1938.792,9121.285,,,11.45,0.0,3.89,4.87,0.0,2.95,4.62,0.98,0.0,0.0,2.95,0.0,0.0,12.44,,1.901,34135.122,,69.192,,47.389,23618.814,2427.228,39.148,36026962530.0,0.0,,13.027,,8.922,0.0,4446.64,,,23.714,,12.062,,8.261,1470.292,4117.375,60.852,7.57,3772.919,,30.808,,21.1,10516.335,-8.646,-0.99,37.138,,18.746,,12.839,2302.627,6398.96,7.878,,29.444,,20.166,488.436,10050.889,,,0.0,0.0,,0.0,,0.0,0.0,0.0,0.0,6200.147,2006404.0,68.489,1470.292,23.714,,12.062,,8.261,4117.375,0.0,,0.0,,0.0,0.0,0.0,0.0,,0.0,,0.0,0.0,0.0
1990,27.2649,0.573083,Solomon Islands,SLB,Solomon Islands,1990,,0.0,,,,,0.0,0.0,,,,,,,,,,,,,,,,0.0,0.0,,,,,,,,,,,,,,,,,2257.275,,,,,,,,,,,,,,,,,,,,,,,,,,,,,,,,,,,,,,,,,,,,,,,,,,,,,,,,,,,,,311869.0,0.704,,,,,,,,,,,,,,,,,,,,,
1990,27.1427,0.617417,Somalia,SOM,Somalia,1990,,0.0,,,,,-9.39,-0.422,,,,,,,,,,,,,,,,0.0,0.0,,,,,,,,,,,,,,,,,563.107,,,,,,,,,,,,,,,,,,,,,,,,,,,,,,,,,,,,,,,,,,,,,,,,,,,,,,,,,,,,,7225089.0,4.068,,,,,,,,,,,,,,,,,,,,,
1990,17.7283,0.231917,South Africa,ZAF,South Africa,1990,-0.92,-10.816,,0.0,,0.0,3.461,34.419,,,,,,,,,93.243,3.575,76.085,27.019,782.898,4237.061,21274.117,1164.732,31649.894,,,155.926,155.926,0.0,1.01,8.449,0.0,,0.0,1.01,0.0,0.0,167.226,,4.376,27961.113,4.878,97.447,46.638,1002.709,27247.15,4237.061,93.243,235128504303.0,0.0,879.467,1.915,17.697,19.709,0.0,535.558,0.0,0.0,0.604,-63.393,0.273,-4.858,2.806,27.445,76.237,5.656,9.459,257.034,-31.743,2.553,-12.219,26.275,713.985,,,5.052,-23.876,2.281,-7.361,23.469,229.589,637.748,0.0,0.97,19.447,1.923,200.102,0.0,5437.476,0.0,0.0,,0.0,,0.0,0.0,0.0,,0.0,0.0,4544.122,36800508.0,1028.983,27.445,0.604,-63.393,0.273,-4.858,2.806,76.237,0.0,,0.0,0.0,0.0,0.0,0.0,0.0,,0.0,0.0,0.0,0.0,0.0
1990,13.2295,0.229167,South Korea,KOR,South Korea,1990,-15.284,-16.256,,,,,13.12,123.177,,,,0.0,,0.0,0.0,,28.056,-1.504,26.418,-4.283,280.564,774.395,6537.163,90.105,2099.452,,,33.236,58.935,12.393,4.684,52.887,13.307,,0.0,4.685,0.001,0.0,118.461,,1.786,24745.501,12.898,84.942,103.059,902.118,21019.359,1373.196,49.751,594764506000.0,10.461,14.943,2.979,4.114,31.642,288.747,737.254,,,3.954,58.03,1.225,4.778,13.011,109.136,303.156,48.6,57.572,1341.417,14.39,15.058,20.118,159.921,3726.162,,,44.645,11.657,13.833,15.337,146.907,1232.258,3422.942,11.233,21.211,55.545,103.229,589.911,310.054,13744.942,,,,0.0,,0.0,0.0,0.0,,0.0,0.0,2760.139,42918416.0,1062.038,109.159,3.955,58.063,1.225,4.78,13.014,303.221,0.001,,0.0,0.003,0.003,0.023,0.065,0.0,,0.0,0.0,0.0,0.0,0.0
1990,14.7621,0.234917,Spain,ESP,Spain,1990,-2.275,-3.082,-10.909,-2.006,-12.587,-2.163,-0.056,-0.597,0.357,13.775,,0.0,,0.0,0.0,,39.508,-0.621,21.064,-1.396,223.436,1523.881,5699.524,132.384,3376.933,150.79,0.54,59.74,70.91,1.51,25.47,54.27,9.66,0.0,0.54,26.03,0.01,0.01,151.21,,1.403,27057.696,-1.434,78.986,-12.185,837.831,21371.854,1808.812,46.895,756125026335.0,0.999,15.577,5.449,7.789,57.794,38.518,1474.253,16.385,417.97,16.844,31.345,6.655,16.847,70.595,649.703,1800.764,53.105,80.3,2048.337,5.484,21.014,11.589,222.9,5685.863,-0.279,-0.42,35.89,-3.31,14.211,-5.161,150.745,1384.35,3845.277,6.388,-3.23,52.473,-18.579,556.6,246.413,14198.077,15.022,383.195,0.0,13.775,-6.228,0.142,-0.1,1.506,0.0,0.357,38.405,3857.15,39202524.0,1060.73,663.988,17.214,30.231,6.802,16.75,72.156,1840.586,0.007,-0.99,0.002,-0.0,0.017,0.255,0.425,0.007,7.692,0.004,0.003,0.039,0.255,0.992
1990,27.5288,0.412167,Sri Lanka,LKA,Sri Lanka,1990,,0.0,,,,,8.71,1.934,,,,,,,,,,-100.0,0.0,-0.005,0.0,,0.0,0.0,0.0,,,,,,3.145,0.0,,,0.0,3.145,0.0,0.0,3.15,,0.36,1392.823,6.791,63.801,0.979,15.396,888.629,,,67098669120.0,,,0.0,0.0,0.0,,0.0,,,99.841,12.266,36.199,0.954,8.736,181.51,504.195,99.841,3.145,181.51,12.266,36.199,0.954,8.736,504.195,,,0.0,,0.0,0.0,0.0,0.0,0.0,,6.829,63.801,0.984,15.396,,888.629,,,,0.0,,0.0,0.0,0.0,,0.0,0.0,181.799,17325770.0,24.132,181.51,99.841,12.266,36.199,0.954,8.736,504.195,0.0,,0.0,0.0,0.0,0.0,0.0,0.0,,0.0,0.0,0.0,0.0,0.0
1990,27.6441,0.445,Sudan,SDN,Sudan,1990,,0.0,,0.0,,0.0,-8.719,-1.779,,,,,,,,,,,,,,,,0.0,0.0,,,,,,,,,,,,,,,,,924.594,,,,,,,,,,,,,,,,0.0,0.0,,,,,,,,,,,,,,,,,,,,,,,,,,,,,,,,0.0,0.0,,,,,,,,,,,20147592.0,18.628,,,,,,,,,,,,,,,,,,,,,
1990,26.6771,0.282917,Suriname,SUR,Suriname,1990,,0.0,,0.0,-2.5,-0.068,14.808,1.297,,,,,,,,,,,,,,,,0.0,0.0,,,,,,,,,,,,,,,,,24820.497,,,,,,,,,,,,,,,,0.0,0.0,,,,,,,,,,,,,,,,,,,,,,,,,,,,,,,,2.639,6514.264,,,,,,,,,,,405169.0,10.056,,,,,,,,,,,,,,,,,,,,,
1990,4.49792,0.271917,Sweden,SWE,Sweden,1990,-45.0,-0.06,,0.0,,0.0,1.73,11.297,1.329,226.44,,0.0,,0.0,0.0,,0.74,4.502,5.186,1.484,34.457,126.06,4021.903,0.073,8.57,144.21,1.94,1.08,3.35,0.42,72.5,68.18,1.85,0.0,1.94,74.45,0.0,0.01,145.98,,2.766,77554.407,1.016,40.366,2.697,268.207,31305.662,391.018,2.295,240234012000.0,0.288,39.183,0.905,1.692,6.01,49.023,701.485,0.0,0.0,49.664,1.058,30.313,2.108,201.414,8462.335,23509.424,97.705,142.63,16648.04,2.219,59.634,8.6,396.231,46248.807,-1.227,-1.77,46.705,3.936,28.506,7.172,189.403,7958.097,22107.463,1.267,-0.21,34.276,-0.479,227.74,215.935,26582.274,0.0,0.0,0.0,226.44,-11.238,0.812,-0.683,5.397,0.0,1.329,629.974,17039.058,8567375.0,664.438,8689.943,51.0,0.695,31.128,1.428,206.828,24141.344,0.0,,0.0,0.0,0.0,0.0,0.0,0.007,20.0,0.003,0.003,0.017,1.167,1.945
1990,8.25558,0.232083,Switzerland,CHE,Switzerland,1990,,0.0,,,,,4.321,13.448,,,,,,,,,,0.0,1.274,0.0,4.136,,621.703,0.0,0.0,,,,,,29.798,23.472,,,0.438,30.237,0.001,0.0,56.015,,1.387,48806.199,6.964,54.053,11.427,175.512,26381.311,,,234154440500.0,,7.035,5.259,1.123,17.078,,2566.938,,,53.196,0.077,25.492,0.064,82.772,4478.944,12441.522,95.881,53.708,8072.967,1.373,45.947,2.021,149.19,22424.928,,,41.902,3.505,20.08,2.208,65.199,3528.037,9800.109,,7.156,47.52,10.305,154.298,,23192.669,,,,65.836,-17.202,0.375,-0.253,1.217,,0.782,182.879,8419.735,6652873.0,324.701,4544.931,53.98,-0.221,25.867,-0.186,83.991,12624.818,0.002,,0.001,0.003,0.003,0.15,0.418,0.0,,0.0,0.0,0.0,0.0,0.0
1990,18.5432,0.278167,Syria,SYR,Syria,1990,,0.0,10.115,1.462,19.424,38.257,15.827,22.412,,,,,,,,,,,,,,,,0.0,0.0,,,,,,,,,,,,,,,,1.451,13178.453,,,,,,,,113006350002.0,,,,,,,,15.922,1279.249,,,,,,,,,,,,,,,,,,,,,,,,,,,,,,,,235.218,18898.842,,,,,,,,,,,12446168.0,164.021,,,,,,,,,,,,,,,,,,,,,
1990,22.4728,0.212083,Taiwan,TWN,Taiwan,1990,-39.821,-2.485,,,,,6.293,34.551,,,,,,,,,28.296,-1.199,21.529,-1.525,125.643,1246.244,6135.343,3.755,183.368,,,25.521,48.793,1.07,6.381,32.866,22.202,,0.346,6.727,0.0,0.0,90.194,,1.826,28498.599,3.838,81.155,17.505,473.628,23128.047,2382.665,54.099,319544652000.0,1.186,60.496,3.64,8.007,21.243,52.246,1037.327,,,7.075,31.207,3.037,4.216,17.726,311.604,865.566,43.898,39.593,1933.406,18.341,18.845,17.046,109.981,5370.575,,,36.439,16.232,15.643,12.749,91.294,1604.899,4458.057,24.616,3.491,55.986,11.023,326.742,1084.175,15955.376,,,,16.903,9.12,0.165,0.08,0.962,,0.384,46.952,4404.3,20478516.0,583.609,328.506,7.459,29.854,3.202,4.296,18.687,912.518,0.0,,0.0,0.0,0.0,0.0,0.0,0.0,,0.0,0.0,0.0,0.0,0.0
1990,22.7143,0.487167,Tanzania,TZA,Tanzania,1990,33.372,0.008,,,,,9.997,1.451,,,,,,,,,,,,,,,,0.03,1.198,,,,,,,,,,,,,,,,0.724,633.446,,,,,,,,22062498500.0,,,,,,,,,,,,,,,,,,,,,,,,,,,,,,,,,,,,,,,,,,,,,,,,,,,,,25203848.0,15.965,,,,,,,,,,,,,,,,,,,,,
1990,26.5907,0.23775,Thailand,THA,Thailand,1990,35.528,10.907,8.981,5.562,19.11,4.552,18.318,55.842,,,,0.0,,0.0,0.0,,25.056,38.386,12.574,12.58,45.351,195.424,801.848,41.606,735.634,,,11.053,39.187,17.765,4.9,0.0,10.369,,0.025,4.925,0.0,0.0,44.113,,0.885,6377.24,19.875,96.207,57.532,347.005,6135.355,692.868,88.835,407627791970.0,40.272,8.413,16.816,4.707,60.653,314.102,1072.392,67.499,1193.437,11.108,-11.104,3.774,-1.7,13.611,86.638,240.662,11.165,4.925,87.081,-10.999,3.793,-1.691,13.681,241.891,,,0.0,,0.0,0.0,0.0,0.0,0.0,23.507,20.047,66.817,40.246,241.001,183.342,4261.115,28.371,501.629,,0.442,15.943,0.019,0.01,0.069,,0.057,1.228,779.949,56558196.0,360.685,87.081,11.165,-10.999,3.793,-1.691,13.681,241.891,0.0,,0.0,0.0,0.0,0.0,0.0,0.0,,0.0,0.0,0.0,0.0,0.0
1990,27.5168,0.3135,Togo,TGO,Togo,1990,,0.0,,0.0,,0.0,-3.213,-0.099,,,,,,,,,,,,,,,,0.0,0.0,,,,,,,,,,,,,,,,0.627,788.653,,,,,,,,4744275000.0,,,,,,,,0.0,0.0,,,,,,,,,,,,,,,,,,,,,,,,,,,,,,,,0.0,0.0,,,,,,,,,,,3774310.0,2.977,,,,,,,,,,,,,,,,,,,,,
1990,23.6397,0.360917,Tonga,TON,Tonga,1990,,0.0,,,,,0.0,0.0,,,,,,,,,,,,,,,,0.0,0.0,,,,,,,,,,,,,,,,,4132.103,,,,,,,,,,,,,,,,,,,,,,,,,,,,,,,,,,,,,,,,,,,,,,,,,,,,,,,,,,,,,95069.0,0.393,,,,,,,,,,,,,,,,,,,,,
1990,20.929,0.31,Tunisia,TUN,Tunisia,1990,,0.0,-7.692,-0.363,-4.427,-2.554,-0.608,-0.36,,,,,,,,,,,,,,,,0.0,0.0,,,,,,,,,,,,,,,,1.346,7129.073,,,,,,,,43649702579.0,,,,,,,,4.351,527.835,,,,,,,,,,,,,,,,,,,,,,,,,,,,,,,,55.131,6688.601,,,,,,,,,,,8242509.0,58.761,,,,,,,,,,,,,,,,,,,,,
1990,12.0325,0.215083,Turkey,TUR,Turkey,1990,-8.198,-12.175,24.78,0.448,30.357,10.877,8.447,43.451,0.0,0.0,,,,,,,35.071,6.177,33.436,10.851,186.522,374.246,3459.125,136.336,2528.406,56.81,0.0,20.18,34.31,10.19,23.15,0.0,3.94,0.08,0.08,23.23,0.0,0.0,57.54,,1.146,10345.453,6.231,88.434,28.936,493.324,9148.886,636.292,59.628,486761177656.0,17.709,6.977,5.79,2.107,32.296,188.978,598.951,2.258,41.868,40.233,29.031,11.526,14.467,64.299,429.326,1192.449,40.372,23.23,430.809,29.027,11.566,14.515,64.521,1196.575,-1.285,-0.73,0.0,,0.0,0.0,0.0,0.0,0.0,6.847,6.181,49.208,15.979,274.505,73.069,5090.81,46.707,866.205,1.484,1.484,27.955,0.04,0.049,0.223,0.139,0.139,4.126,1067.102,53921756.0,557.845,430.809,40.372,29.027,11.566,14.515,64.521,1196.575,0.0,,0.0,0.0,0.0,0.0,0.0,0.0,,0.0,0.0,0.0,0.0,0.0
1990,15.9264,0.330583,Turkmenistan,TKM,Turkmenistan,1990,,,-6.864,-58.397,-0.87,-0.581,-17.131,-31.399,,,,,,,,,,14.286,2.818,0.535,4.28,,1161.745,,,,,,,,0.003,0.0,,,0.0,0.003,0.0,0.0,14.61,,7.164,41230.203,-17.131,99.995,-31.399,151.883,41227.974,,,21201768000.0,,-32.628,61.087,-44.936,92.786,,25186.418,792.426,215100.701,0.021,0.0,0.005,0.0,0.008,0.814,2.262,0.021,0.003,0.814,0.0,0.005,0.0,0.008,2.262,,,0.0,,0.0,0.0,0.0,0.0,0.0,,31.094,36.09,13.002,54.817,,14879.811,66.291,17994.407,,0.0,,0.0,0.0,0.0,,0.0,0.0,3965.822,3683978.0,151.891,0.814,0.021,0.0,0.005,0.0,0.008,2.262,0.0,,0.0,0.0,0.0,0.0,0.0,0.0,,0.0,0.0,0.0,0.0,0.0
1990,23.2671,0.396917,Uganda,UGA,Uganda,1990,,0.0,,,,,9.706,0.505,,,,,,,,,,,,,,,,0.0,0.0,,,,,,,,,,,,,,,,0.351,329.024,,,,,,,,16268766456.0,,,,,,,,,,,,,,,,,,,,,,,,,,,,,,,,,,,,,,,,,,,,,,,,,,,,,17354394.0,5.71,,,,,,,,,,,,,,,,,,,,,
1990,9.40083,0.233417,Ukraine,UKR,Ukraine,1990,-1.616,-16.58,-8.766,-25.553,,,16.946,461.994,0.0,0.0,,,,,,,37.482,15.565,30.297,130.098,965.932,2174.956,18769.429,1009.58,19617.542,270.15,0.0,111.93,211.93,49.89,10.51,76.18,50.11,0.0,0.0,10.51,0.0,0.0,298.62,,6.429,61952.397,17.271,92.447,434.085,2947.451,57273.092,4118.096,70.97,495935195925.0,16.707,23.22,37.941,227.953,1209.674,969.432,23505.679,265.941,5167.615,3.52,3.798,0.916,1.069,29.206,204.224,567.505,29.03,86.69,1684.508,13.109,7.553,27.909,240.814,4679.354,-10.539,-28.47,25.511,14.527,6.637,26.841,211.609,1480.284,4111.849,16.781,10.928,24.209,76.035,771.842,973.707,14997.984,,,0.0,0.0,,0.0,0.0,0.0,0.0,0.0,0.0,5802.604,51463100.0,3188.262,204.224,3.52,3.798,0.916,1.069,29.206,567.505,0.0,,0.0,0.0,0.0,0.0,0.0,0.0,,0.0,0.0,0.0,0.0,0.0
1990,28.2601,0.294917,United Arab Emirates,ARE,United Arab Emirates,1990,,0.0,-1.325,-2.633,9.491,93.904,1.407,4.788,,,,,,,,,0.0,,0.0,0.0,0.0,0.0,0.0,0.0,0.0,,,0.0,17.081,17.08,0.0,0.0,0.001,,0.0,0.0,0.0,0.0,17.081,,8.488,188659.876,1.407,100.0,4.788,344.953,188660.027,9341.859,100.0,40641367500.0,99.992,-2.085,47.796,-3.51,164.872,9341.083,90171.35,196.072,107235.032,0.0,,0.0,0.0,0.0,0.0,0.0,0.0,0.0,0.0,,0.0,0.0,0.0,0.0,,,0.0,,0.0,0.0,0.0,0.0,0.0,0.008,4.83,52.204,8.298,180.08,0.776,98488.678,1083.352,592501.434,,0.0,,0.0,0.0,0.0,,0.0,0.0,9341.859,1828437.0,344.953,0.0,0.0,,0.0,0.0,0.0,0.0,0.0,,0.0,0.0,0.0,0.0,0.0,0.0,,0.0,0.0,0.0,0.0,0.0
1990,9.67458,0.232417,United Kingdom,GBR,United Kingdom,1990,-7.291,-51.626,10.421,44.927,-0.116,-1.233,0.795,19.749,0.189,10.502,,0.0,,0.0,0.0,,64.407,-0.091,30.173,-0.686,755.31,3582.081,13219.903,656.432,11489.266,329.7,0.6,204.66,246.19,5.0,5.21,65.75,36.53,0.0,0.6,5.82,0.0,0.01,317.76,,1.663,43814.255,1.486,92.069,33.75,2304.772,40339.488,4308.964,77.477,1505692217023.0,1.574,4.12,21.921,21.713,548.738,87.513,9604.353,476.039,8331.921,1.64,7.317,0.568,0.969,14.214,91.189,248.79,22.523,71.57,1252.661,-6.588,7.931,-14.001,198.531,3474.803,3.621,11.94,20.692,-8.343,7.296,-16.625,182.636,1150.796,3196.609,11.496,1.288,39.976,12.723,1000.721,639.37,17515.232,1065.355,18646.47,0.0,10.502,,0.066,1.655,1.655,0.0,0.189,28.967,5561.625,57134380.0,2503.3,101.865,1.832,19.775,0.635,2.624,15.894,278.194,0.0,,0.0,0.0,0.0,0.0,0.0,0.003,0.0,0.001,0.0,0.025,0.175,0.438
1990,9.52158,0.186167,United States,USA,United States,1990,5.278,313.88,2.683,126.311,-2.894,-144.396,0.218,48.951,,,,0.074,,16.733,66.368,,53.364,0.539,23.725,28.642,5337.997,6842.587,21172.437,6260.927,24833.093,,,1725.155,2261.957,400.823,292.281,607.223,135.979,,57.459,352.928,0.371,2.817,3232.78,,2.432,89240.475,-0.908,88.072,-181.588,19815.535,78595.55,8971.735,69.969,9250377703908.0,12.399,0.008,22.981,0.389,5170.609,1589.807,20508.514,4833.779,19172.51,9.041,6.391,3.609,48.769,811.892,1159.291,3220.256,29.7,960.151,3808.303,9.397,11.928,230.539,2683.82,10644.996,,,18.783,8.975,7.497,138.909,1686.731,2408.464,6690.184,4.206,-2.213,41.365,-210.619,9306.913,539.341,36914.598,4845.259,19218.041,,227.904,17.614,0.709,23.903,159.609,,1.777,633.068,12822.368,252120320.0,22499.337,1399.839,10.917,10.12,4.432,91.63,997.089,3954.812,0.011,46.483,0.005,0.327,1.03,1.471,4.085,0.087,32.033,0.035,1.898,7.824,11.172,31.034
1990,17.7036,0.316167,Uruguay,URY,Uruguay,1990,,0.0,,0.0,,0.0,28.785,8.813,,,,,,,,,,,,,,,,0.0,0.0,,,,,,,,,,,,,,,,1.23,12680.457,,,,,,,,32048550000.0,,,,,,,,0.0,0.0,,,,,,,,,,,,,,,,,,,,,,,,,,,,,,,,0.0,0.0,,,,,,,,,,,3109598.0,39.431,,,,,,,,,,,,,,,,,,,,,
1990,13.4631,0.303,Uzbekistan,UZB,Uzbekistan,1990,4.839,0.98,-5.377,-20.915,3.704,1.163,-0.244,-1.273,,,,,,,,,,4.839,4.084,0.98,21.223,,1040.444,21.223,1040.451,,,,,,6.648,0.0,,,0.0,6.648,0.0,0.0,56.325,,3.728,25478.393,-0.881,96.447,-4.456,501.251,24573.11,,,139398700000.0,,6.444,67.082,21.105,348.639,,17091.539,368.06,18043.618,11.803,20.825,3.553,3.183,18.467,325.909,905.303,11.803,6.648,325.909,20.825,3.553,3.183,18.467,905.303,,,0.0,,0.0,0.0,0.0,0.0,0.0,,-16.806,25.281,-26.541,131.388,,6441.127,32.564,1596.404,,0.0,,0.0,0.0,0.0,,0.0,0.0,2761.253,20398348.0,519.717,325.909,11.803,20.825,3.553,3.183,18.467,905.303,0.0,,0.0,0.0,0.0,0.0,0.0,0.0,,0.0,0.0,0.0,0.0,0.0
1990,25.5948,0.352083,Venezuela,VEN,Venezuela,1990,1.896,0.34,12.425,26.945,11.487,141.157,6.243,35.078,,,,,,,,,,-11.33,0.902,-0.688,5.382,,274.145,18.253,929.741,,,,,,36.983,0.0,,,0.0,36.983,0.0,0.0,59.321,,2.331,30404.789,6.152,82.79,28.642,494.197,25172.175,,,256078516722.0,,12.425,40.845,26.945,243.817,,12418.959,243.817,12418.949,62.344,6.684,17.21,6.436,102.731,1883.748,5232.639,62.344,36.983,1883.748,6.684,17.21,6.436,102.731,5232.639,,,0.0,,0.0,0.0,0.0,0.0,0.0,,0.983,41.043,2.385,244.997,,12479.07,1369.98,69780.633,,0.0,,0.0,0.0,0.0,,0.0,0.0,3021.546,19632664.0,596.927,1883.748,62.344,6.684,17.21,6.436,102.731,5232.639,0.0,,0.0,0.0,0.0,0.0,0.0,0.0,,0.0,0.0,0.0,0.0,0.0
1990,24.2741,0.280917,Vietnam,VNM,Vietnam,1990,0.0,0.0,21.212,0.068,81.208,14.072,7.437,5.25,,,,,,,,,23.05,-14.236,34.088,-4.291,25.853,29.431,380.261,33.215,488.535,,,2.001,3.312,0.006,5.369,0.0,1.305,,0.0,5.369,0.0,0.0,8.681,,0.69,1115.535,1.664,80.336,0.997,60.93,896.177,48.714,38.152,109939938336.0,0.069,21.212,0.509,0.068,0.386,0.088,5.677,0.386,5.677,61.848,39.891,19.664,4.253,14.914,78.969,219.358,61.848,5.369,78.969,39.891,19.664,4.253,14.914,219.358,,,0.0,,0.0,0.0,0.0,0.0,0.0,15.033,17.718,45.739,5.221,34.691,19.194,510.239,31.401,461.855,,0.0,,0.0,0.0,0.0,,0.0,0.0,127.683,67988848.0,75.844,78.969,61.848,39.891,19.664,4.253,14.914,219.358,0.0,,0.0,0.0,0.0,0.0,0.0,0.0,,0.0,0.0,0.0,0.0,0.0
1990,23.4019,0.57375,Western Sahara,ESH,Western Sahara,1990,,0.0,,,,,7.765,0.062,,,,,,,,,,,,,,,,0.0,0.0,,,,,,,,,,,,,,,,,3980.274,,,,,,,,,,,,,,,,,,,,,,,,,,,,,,,,,,,,,,,,,,,,,,,,,,,,,,,,,,,,,217258.0,0.865,,,,,,,,,,,,,,,,,,,,,
1990,26.6407,0.588917,Yemen,YEM,Yemen,1990,,0.0,,0.0,2.247,2.225,4.6,2.069,,,,,,,,,,,,,,,,0.0,0.0,,,,,,,,,,,,,,,,1.046,4018.787,,,,,,,,44971041760.0,,,,,,,,0.0,0.0,,,,,,,,,,,,,,,,,,,,,,,,,,,,,,,,101.256,8646.951,,,,,,,,,,,11709987.0,47.06,,,,,,,,,,,,,,,,,,,,,
1990,22.2193,0.435,Zambia,ZMB,Zambia,1990,11.16,0.329,,0.0,,0.0,7.481,2.293,,,,,,,,,,,,,,,,3.273,407.203,,,,,,,,,,,,,,,,3.214,4099.807,,,,,,,,10251341930.0,,,,,,,,0.0,0.0,,,,,,,,,,,,,,,,,,,,,,,,,,,,,,,,0.0,0.0,,,,,,,,,,,8036849.0,32.95,,,,,,,,,,,,,,,,,,,,,
1990,22.1303,0.24875,Zimbabwe,ZWE,Zimbabwe,1990,7.632,2.925,,0.0,,0.0,5.779,3.347,,,,,,,,,,,,,,,,41.245,3953.51,,,,,,,,,,,,,,,,2.793,5872.587,,,,,,,,21937055040.0,,,,,,,,0.0,0.0,,,,,,,,,,,,,,,,,,,,,,,,,,,,,,,,0.0,0.0,,,,,,,,,,,10432409.0,61.265,,,,,,,,,,,,,,,,,,,,,
